distance,gt_gap_coverage,i,image,j,rank,roi_area_fraction,roi_xyxy,valley_score
28.009037838392096,0.06188081085200427,17,10375.png,15,0,0.007183612624653028,"[268, 534, 354, 625]",0.03947716951370239
28.009037838392096,0.06188081085200427,15,10375.png,17,1,0.007183612624653028,"[268, 534, 354, 625]",0.03947710990905762
34.907605009892215,0.06523395823807346,12,10375.png,14,2,0.009972242212398478,"[339, 497, 436, 609]",0.04483073949813843
34.907605009892215,0.06523395823807346,14,10375.png,12,3,0.009972242212398478,"[339, 497, 436, 609]",0.04483062028884888
36.84825385607984,0.07796067672610882,13,10375.png,10,4,0.013300606559062404,"[513, 470, 628, 596]",0.05681192874908447
36.84825385607984,0.07796067672610882,10,10375.png,13,5,0.013300606559062404,"[513, 470, 628, 596]",0.05681180953979492
38.0532518807663,0.09053497942386832,9,10375.png,11,6,0.012772804711480562,"[415, 463, 530, 584]",0.04666191339492798
38.0532518807663,0.09053497942386832,11,10375.png,9,7,0.012772804711480562,"[415, 463, 530, 584]",0.04666191339492798
37.9714333574092,0.06173127821890083,15,10520.png,17,0,0.00789666595525532,"[301, 597, 412, 712]",0.034502506256103516
37.9714333574092,0.06173127821890083,17,10520.png,15,1,0.00789666595525532,"[301, 597, 412, 712]",0.034502387046813965
44.92237583946965,0.08204888681301573,14,10520.png,13,2,0.010000587687634743,"[381, 537, 499, 674]",0.026610612869262695
44.92237583946965,0.08204888681301573,13,10520.png,14,3,0.010000587687634743,"[381, 537, 499, 674]",0.02661055326461792
47.38882069508887,0.09964191187918418,11,10520.png,9,4,0.012341440329599971,"[593, 493, 726, 643]",0.047299206256866455
47.38882069508887,0.09964191187918418,9,10520.png,11,5,0.012341440329599971,"[593, 493, 726, 643]",0.04729914665222168
47.715055454219986,0.08998910166588821,10,10520.png,12,6,0.012493620496070225,"[475, 494, 607, 647]",0.03914058208465576
47.715055454219986,0.08998910166588821,12,10520.png,10,7,0.012493620496070225,"[475, 494, 607, 647]",0.03914058208465576
38.722212390254164,0.06228212874738555,15,10618.png,20,0,0.006637818915535243,"[595, 739, 724, 866]",0.04911297559738159
38.722212390254164,0.06228212874738555,20,10618.png,15,1,0.006637818915535243,"[595, 739, 724, 866]",0.04911297559738159
46.793319715877075,0.06861491982337904,14,10618.png,13,2,0.008259289421545867,"[686, 672, 821, 823]",0.048786282539367676
46.793319715877075,0.06861491982337904,13,10618.png,14,3,0.008259289421545867,"[686, 672, 821, 823]",0.0487862229347229
48.32659344115793,0.07924703695096444,12,10618.png,10,4,0.010104411031833817,"[917, 620, 1070, 783]",0.06819182634353638
48.32659344115793,0.07924703695096444,10,10618.png,12,5,0.010104411031833817,"[917, 620, 1070, 783]",0.0681917667388916
48.49043730354171,0.07273994887287939,9,10618.png,11,6,0.009335002613314533,"[790, 620, 934, 780]",0.06488019227981567
48.49043730354171,0.07273994887287939,11,10618.png,9,7,0.009335002613314533,"[790, 620, 934, 780]",0.06488019227981567
41.04518378909529,0.06593687984123936,15,10624.png,17,0,0.012199005828796647,"[320, 678, 457, 815]",0.01809808611869812
41.04518378909529,0.06593687984123936,17,10624.png,15,1,0.012199005828796647,"[320, 678, 457, 815]",0.018098056316375732
46.42850005987436,0.08040458357339479,10,10624.png,13,2,0.01641526406372679,"[638, 608, 792, 772]",0.03143477439880371
46.42850005987436,0.08040458357339479,13,10624.png,10,3,0.01641526406372679,"[638, 608, 792, 772]",0.03143477439880371
49.31274294030325,0.09256769733051662,12,10624.png,9,4,0.014778027360506653,"[522, 596, 665, 755]",0.02104860544204712
49.31274294030325,0.09256769733051662,9,10624.png,12,5,0.014778027360506653,"[522, 596, 665, 755]",0.02104857563972473
49.519046592258164,0.09896933615005442,11,10624.png,14,6,0.01458239089854982,"[418, 624, 560, 782]",0.050024598836898804
49.519046592258164,0.09896933615005442,14,10624.png,11,7,0.01458239089854982,"[418, 624, 560, 782]",0.05002453923225403
36.94399705752799,0.06679870363701837,15,11852.png,18,0,0.012201189832341806,"[243, 645, 384, 777]",0.009472876787185669
36.94399705752799,0.06679870363701837,18,11852.png,15,1,0.012201189832341806,"[243, 645, 384, 777]",0.009472876787185669
44.61664191327556,0.09074540871444005,10,11852.png,12,2,0.018499762361309142,"[573, 535, 743, 701]",0.02426472306251526
44.61664191327556,0.09074540871444005,12,11852.png,10,3,0.018499762361309142,"[573, 535, 743, 701]",0.02426472306251526
46.25300187270785,0.09248589605089425,14,11852.png,13,4,0.014159988200009833,"[340, 579, 484, 729]",0.029987573623657227
46.25300187270785,0.09248589605089425,13,11852.png,14,5,0.014159988200009833,"[340, 579, 484, 729]",0.02998754382133484
48.571272992538844,0.0978273916696675,11,11852.png,9,6,0.015343264991723619,"[448, 527, 599, 682]",0.03529411554336548
48.571272992538844,0.0978273916696675,9,11852.png,11,7,0.015343264991723619,"[448, 527, 599, 682]",0.03529408574104309
46.80609779065034,0.06888773208398404,17,11945.png,18,0,0.013893102402162221,"[256, 592, 399, 747]",0.02707749605178833
46.80609779065034,0.06888773208398404,18,11945.png,17,1,0.013893102402162221,"[256, 592, 399, 747]",0.02707749605178833
53.679055986326,0.08537220197813639,9,11945.png,11,2,0.019627101985964613,"[611, 468, 784, 649]",0.05130726099014282
53.679055986326,0.08537220197813639,11,11945.png,9,3,0.019627101985964613,"[611, 468, 784, 649]",0.05130714178085327
55.05800565358066,0.08849557522123894,16,11945.png,13,4,0.0170340153792538,"[357, 524, 515, 696]",0.05014854669570923
55.05800565358066,0.08849557522123894,13,11945.png,16,5,0.0170340153792538,"[357, 524, 515, 696]",0.05014848709106445
55.480078464547944,0.095552085140841,10,11945.png,12,6,0.01787142502551091,"[476, 477, 638, 653]",0.059536516666412354
55.480078464547944,0.095552085140841,12,11945.png,10,7,0.01787142502551091,"[476, 477, 638, 653]",0.059536516666412354
42.3002993951438,0.0717795548704114,17,12498.png,16,0,0.012921390214797136,"[336, 718, 498, 872]",0.038989484310150146
42.3002993951438,0.0717795548704114,16,12498.png,17,1,0.012921390214797136,"[336, 718, 498, 872]",0.03898939490318298
52.21095921072807,0.08917044031216881,15,12498.png,14,2,0.015131927870591356,"[427, 629, 593, 805]",0.04166668653488159
52.21095921072807,0.08917044031216881,14,12498.png,15,3,0.015131927870591356,"[427, 629, 593, 805]",0.041666656732559204
54.15077096862417,0.08382310434531265,12,12498.png,8,4,0.018111595896313976,"[691, 567, 878, 754]",0.0659169852733612
54.15077096862417,0.08382310434531265,8,12498.png,12,5,0.018111595896313976,"[691, 567, 878, 754]",0.06591695547103882
55.63988824251452,0.09283167935253878,9,12498.png,13,6,0.016569709626093873,"[549, 575, 721, 761]",0.06482473015785217
55.63988824251452,0.09283167935253878,13,12498.png,9,7,0.016569709626093873,"[549, 575, 721, 761]",0.06482473015785217
36.85855549309523,0.07186227587684835,16,12627.png,17,0,0.011869572041435596,"[219, 619, 339, 740]",0.015507996082305908
36.85855549309523,0.07186227587684835,17,12627.png,16,1,0.011869572041435596,"[219, 619, 339, 740]",0.01550796627998352
44.05650281370877,0.09857846989070648,10,12627.png,13,2,0.016947656168253635,"[505, 537, 647, 683]",0.04761910438537598
44.05650281370877,0.09857846989070648,13,12627.png,10,3,0.016947656168253635,"[505, 537, 647, 683]",0.04761907458305359
46.09273998820857,0.09950710765054646,15,12627.png,11,4,0.015790945118761116,"[295, 569, 432, 710]",0.05597579479217529
46.09273998820857,0.09950710765054646,11,12627.png,15,5,0.015790945118761116,"[295, 569, 432, 710]",0.05597573518753052
48.85529297889945,0.10757911279377098,22,12627.png,21,6,0.013301768337344354,"[472, 901, 616, 1014]",0.03921574354171753
48.85529297889945,0.10757911279377098,21,12627.png,22,7,0.013301768337344354,"[472, 901, 616, 1014]",0.03921562433242798
42.0262182972088,0.0828540793449654,17,12827.png,18,0,0.00921101573676681,"[311, 967, 474, 1125]",0.06478127837181091
42.0262182972088,0.0828540793449654,18,12827.png,17,1,0.00921101573676681,"[311, 967, 474, 1125]",0.06478124856948853
47.534168828904605,0.0906521103421386,13,12827.png,16,2,0.009619098712446351,"[424, 922, 587, 1087]",0.04330253601074219
47.534168828904605,0.0906521103421386,16,12827.png,13,3,0.009619098712446351,"[424, 922, 587, 1087]",0.04330253601074219
50.44826601414165,0.08943366799883029,14,12827.png,10,4,0.012640915593705294,"[688, 890, 876, 1078]",0.03555560111999512
50.44826601414165,0.08943366799883029,10,12827.png,14,5,0.012640915593705294,"[688, 890, 876, 1078]",0.03555554151535034
54.896047307922984,0.1021542060629691,9,12827.png,11,6,0.012107296137339055,"[550, 880, 732, 1066]",0.05193772912025452
54.896047307922984,0.1021542060629691,11,12827.png,9,7,0.012107296137339055,"[550, 880, 732, 1066]",0.05193772912025452
44.277609803408176,0.07526261110469815,15,13220.png,17,0,0.006219668721542468,"[379, 716, 473, 829]",0.04072129726409912
44.277609803408176,0.07526261110469815,17,13220.png,15,1,0.006219668721542468,"[379, 716, 473, 829]",0.04072129726409912
47.59511757651462,0.11312478356227634,10,13220.png,13,2,0.009476475107272012,"[635, 645, 754, 781]",0.028758198022842407
47.59511757651462,0.11312478356227634,13,13220.png,10,3,0.009476475107272012,"[635, 645, 754, 781]",0.028758138418197632
51.12551017257847,0.08276578552464504,11,13220.png,16,4,0.008006754857688921,"[447, 665, 553, 794]",0.04762178659439087
51.12551017257847,0.08276578552464504,16,13220.png,11,5,0.008006754857688921,"[447, 665, 553, 794]",0.04762175679206848
53.430597471799864,0.10111970449036131,9,13220.png,12,6,0.009478817290936687,"[535, 629, 649, 771]",0.04407605528831482
53.430597471799864,0.10111970449036131,12,13220.png,9,7,0.009478817290936687,"[535, 629, 649, 771]",0.04407602548599243
48.33230181487797,0.06954088506580992,15,13436.png,16,0,0.011909272993016836,"[437, 676, 602, 836]",0.036731988191604614
48.33230181487797,0.06954088506580992,16,13436.png,15,1,0.011909272993016836,"[437, 676, 602, 836]",0.03673195838928223
52.5473592473558,0.1050367913773448,19,13436.png,23,2,0.011262382937259785,"[764, 978, 910, 1149]",0.02747553586959839
52.5473592473558,0.1050367913773448,23,13436.png,19,3,0.011262382937259785,"[764, 978, 910, 1149]",0.02747553586959839
54.713165887297386,0.08373924759042388,10,13436.png,12,4,0.016627871307674263,"[810, 568, 1000, 762]",0.04432526230812073
54.713165887297386,0.08373924759042388,12,13436.png,10,5,0.016627871307674263,"[810, 568, 1000, 762]",0.04432526230812073
57.4127016032425,0.09488029847652607,13,13436.png,14,6,0.01394467601364153,"[548, 609, 716, 793]",0.06994655728340149
57.4127016032425,0.09488029847652607,14,13436.png,13,7,0.01394467601364153,"[548, 609, 716, 793]",0.06994649767875671
39.18233514657065,0.07292817679558011,16,13441.png,17,0,0.01284257722227647,"[211, 587, 318, 705]",0.04203921556472778
39.18233514657065,0.07292817679558011,17,13441.png,16,1,0.01284257722227647,"[211, 587, 318, 705]",0.04203915596008301
43.11144693750226,0.10313075506445672,10,13441.png,12,2,0.017429938482570063,"[498, 485, 624, 621]",0.07647973299026489
43.11144693750226,0.10313075506445672,12,13441.png,10,3,0.017429938482570063,"[498, 485, 624, 621]",0.07647967338562012
44.2010540996803,0.0858195211786372,13,13441.png,15,4,0.013822095823975523,"[297, 527, 404, 654]",0.06757694482803345
44.2010540996803,0.0858195211786372,15,13441.png,13,5,0.013822095823975523,"[297, 527, 404, 654]",0.06757694482803345
44.64838934952363,0.09723756906077348,11,13441.png,9,6,0.015323414054617061,"[391, 486, 506, 617]",0.05112046003341675
44.64838934952363,0.09723756906077348,9,13441.png,11,7,0.015323414054617061,"[391, 486, 506, 617]",0.05112040042877197
40.6570806427814,0.060637924991237296,16,13454.png,17,0,0.011134676564156946,"[257, 535, 368, 654]",0.026879042387008667
40.6570806427814,0.060637924991237296,17,13454.png,16,1,0.011134676564156946,"[257, 535, 368, 654]",0.026879042387008667
46.23642093870504,0.08201892744479496,15,13454.png,14,2,0.013030496655972296,"[341, 479, 459, 610]",0.04455342888832092
46.23642093870504,0.08201892744479496,14,13454.png,15,3,0.013030496655972296,"[341, 479, 459, 610]",0.044553399085998535
47.97230307388967,0.09533824044865054,10,13454.png,13,4,0.01735657433991911,"[550, 431, 692, 576]",0.04551124572753906
47.97230307388967,0.09533824044865054,13,13454.png,10,5,0.01735657433991911,"[550, 431, 692, 576]",0.045511215925216675
49.365600499109874,0.09674027339642481,9,13454.png,12,6,0.015523133388519203,"[433, 430, 560, 575]",0.05160588026046753
49.365600499109874,0.09674027339642481,12,13454.png,9,7,0.015523133388519203,"[433, 430, 560, 575]",0.05160585045814514
46.17422169589234,0.0751513712453995,18,13480.png,17,0,0.012879894582029592,"[281, 584, 424, 730]",0.03783071041107178
46.17422169589234,0.0751513712453995,17,13480.png,18,1,0.012879894582029592,"[281, 584, 424, 730]",0.037830650806427
51.56402665619427,0.10364478214412917,16,13480.png,14,2,0.014279051633090187,"[376, 532, 518, 695]",0.017020970582962036
51.56402665619427,0.10364478214412917,14,13480.png,16,3,0.014279051633090187,"[376, 532, 518, 695]",0.017020851373672485
51.79967767056972,0.08975424433099846,10,13480.png,12,4,0.016659099209365223,"[600, 475, 757, 647]",0.030619889497756958
51.79967767056972,0.08975424433099846,12,13480.png,10,5,0.016659099209365223,"[600, 475, 757, 647]",0.030619800090789795
53.443617634016405,0.09669951323756382,11,13480.png,13,6,0.01602244573639585,"[475, 483, 626, 655]",0.015888303518295288
53.443617634016405,0.09669951323756382,13,13480.png,11,7,0.01602244573639585,"[475, 483, 626, 655]",0.0158882737159729
44.85251451850179,0.08676028084252758,16,13517.png,15,0,0.0077096697552862916,"[403, 728, 521, 849]",0.039915964007377625
44.85251451850179,0.08676028084252758,15,13517.png,16,1,0.0077096697552862916,"[403, 728, 521, 849]",0.03991594910621643
45.42644704570966,0.1078234704112337,10,13517.png,13,2,0.00842350806712888,"[676, 661, 796, 791]",0.025054454803466797
45.42644704570966,0.1078234704112337,13,13517.png,10,3,0.00842350806712888,"[676, 661, 796, 791]",0.025054454803466797
52.693617129160735,0.10431293881644935,14,13517.png,11,4,0.009265858873841768,"[483, 678, 603, 821]",0.028897106647491455
52.693617129160735,0.10431293881644935,11,13517.png,14,5,0.009265858873841768,"[483, 678, 603, 821]",0.028897061944007874
52.81090952796856,0.10982948846539618,9,13517.png,12,6,0.00912816691505216,"[572, 648, 687, 795]",0.02259807288646698
52.81090952796856,0.10982948846539618,12,13517.png,9,7,0.00912816691505216,"[572, 648, 687, 795]",0.02259807288646698
38.81776847743016,0.05468252282862603,16,13840.png,17,0,0.010680487089594648,"[260, 610, 391, 744]",0.03482726216316223
38.81776847743016,0.05468252282862603,17,13840.png,16,1,0.010680487089594648,"[260, 610, 391, 744]",0.03482726216316223
43.02312876199061,0.07432575918454024,10,13840.png,13,2,0.015770663402204243,"[599, 528, 759, 690]",0.026815563440322876
43.02312876199061,0.07432575918454024,13,13840.png,10,3,0.015770663402204243,"[599, 528, 759, 690]",0.02681553363800049
45.14303899477839,0.07071565088129114,12,13840.png,15,4,0.012081106964281151,"[357, 560, 493, 706]",0.03848949074745178
45.14303899477839,0.07071565088129114,15,13840.png,12,5,0.012081106964281151,"[357, 560, 493, 706]",0.038489460945129395
47.056038306140245,0.08467827564238692,9,13840.png,11,6,0.014335971106587051,"[464, 517, 617, 671]",0.038096338510513306
47.056038306140245,0.08467827564238692,11,13840.png,9,7,0.014335971106587051,"[464, 517, 617, 671]",0.038096338510513306
37.06132672122466,0.058401880141010575,15,13867.png,16,0,0.008685130857076558,"[340, 799, 471, 927]",0.04536595940589905
37.06132672122466,0.058401880141010575,16,13867.png,15,1,0.008685130857076558,"[340, 799, 471, 927]",0.04536595940589905
44.11420605712002,0.0846063454759107,11,13867.png,8,2,0.012360565527986343,"[657, 672, 814, 824]",0.030112087726593018
44.11420605712002,0.0846063454759107,8,13867.png,11,3,0.012360565527986343,"[657, 672, 814, 824]",0.03011205792427063
44.72154251445755,0.08019976498237368,13,13867.png,14,4,0.01111021331609567,"[420, 727, 563, 877]",0.055812329053878784
44.72154251445755,0.08019976498237368,14,13867.png,13,5,0.01111021331609567,"[420, 727, 563, 877]",0.055812329053878784
46.03424746958025,0.09042303172737956,9,13867.png,12,6,0.011422024431074205,"[530, 685, 678, 834]",0.04492691159248352
46.03424746958025,0.09042303172737956,12,13867.png,9,7,0.011422024431074205,"[530, 685, 678, 834]",0.04492688179016113
36.44611100243745,0.09223790322580645,13,1399.png,16,0,0.003872532165541702,"[597, 615, 704, 727]",0.01390373706817627
36.44611100243745,0.09223790322580645,16,1399.png,13,1,0.003872532165541702,"[597, 615, 704, 727]",0.013903677463531494
39.061843599954074,0.11098790322580646,10,1399.png,14,2,0.004076111543403123,"[678, 592, 784, 711]",0.0130196213722229
39.061843599954074,0.11098790322580646,14,1399.png,10,3,0.004076111543403123,"[678, 592, 784, 711]",0.0130196213722229
39.63585542892334,0.1188508064516129,12,1399.png,15,4,0.006063757183443761,"[846, 595, 985, 730]",0.03682917356491089
39.63585542892334,0.1188508064516129,15,1399.png,12,5,0.006063757183443761,"[846, 595, 985, 730]",0.03682911396026611
41.28969750131738,0.13820564516129033,9,1399.png,11,6,0.005200322107815639,"[757, 566, 878, 699]",0.026921510696411133
41.28969750131738,0.13820564516129033,11,1399.png,9,7,0.005200322107815639,"[757, 566, 878, 699]",0.026921510696411133
39.918137149697564,0.06650015610365283,17,14041.png,18,0,0.007501071109963377,"[475, 716, 618, 859]",0.03666108846664429
39.918137149697564,0.06650015610365283,18,14041.png,17,1,0.007501071109963377,"[475, 716, 618, 859]",0.03666108846664429
48.415833764404084,0.09751274846498074,15,14041.png,14,2,0.009505000469527656,"[569, 652, 727, 816]",0.02649247646331787
48.415833764404084,0.09751274846498074,14,14041.png,15,3,0.009505000469527656,"[569, 652, 727, 816]",0.02649235725402832
49.563922866816334,0.08590904360495369,12,14041.png,10,4,0.010969339844116818,"[811, 604, 979, 782]",0.021315693855285645
49.563922866816334,0.08590904360495369,10,14041.png,12,5,0.010969339844116818,"[811, 604, 979, 782]",0.021315574645996094
51.20538608569993,0.10209178894786138,9,14041.png,11,6,0.010349783430369049,"[673, 599, 838, 770]",0.03631246089935303
51.20538608569993,0.10209178894786138,11,14041.png,9,7,0.010349783430369049,"[673, 599, 838, 770]",0.03631246089935303
46.223321918726235,0.1544453397797475,10,1418.png,11,0,0.004272258658263255,"[1366, 1119, 1479, 1236]",0.012869715690612793
46.223321918726235,0.1544453397797475,11,1418.png,10,1,0.004272258658263255,"[1366, 1119, 1479, 1236]",0.012869477272033691
47.602415001004516,0.16398066075745366,6,1418.png,8,2,0.004487794285300664,"[1516, 1040, 1628, 1164]",0.014897525310516357
47.602415001004516,0.16398066075745366,8,1418.png,6,3,0.004487794285300664,"[1516, 1040, 1628, 1164]",0.014897525310516357
49.6792375376663,0.16263765780284717,7,1418.png,9,4,0.00419922859572884,"[1438, 1069, 1553, 1182]",0.017007648944854736
49.6792375376663,0.16263765780284717,9,1418.png,7,5,0.00419922859572884,"[1438, 1069, 1553, 1182]",0.017007410526275635
78.74857034648538,0.2624227773301101,5,1418.png,8,6,0.008104398090102294,"[1539, 1023, 1704, 1175]",0.009019613265991211
104.35665093370768,0.0854149879129734,3,1418.png,4,7,0.012477153869817775,"[1243, 918, 1439, 1115]",0.05142158269882202
57.119910449194364,0.12122609862462261,15,1452.png,16,0,0.014988612480514545,"[531, 900, 739, 1123]",0.018232762813568115
57.119910449194364,0.12122609862462261,16,1452.png,15,1,0.014988612480514545,"[531, 900, 739, 1123]",0.01823270320892334
59.664695228771684,0.08872861455887286,8,1452.png,11,2,0.01656425223678802,"[821, 823, 1041, 1056]",0.07136869430541992
59.664695228771684,0.08872861455887286,11,1452.png,8,3,0.01656425223678802,"[821, 823, 1041, 1056]",0.07136869430541992
62.749623868025466,0.10940120764844012,10,1452.png,14,4,0.0149970141691247,"[661, 844, 871, 1065]",0.023245573043823242
62.749623868025466,0.10940120764844012,14,1452.png,10,5,0.0149970141691247,"[661, 844, 871, 1065]",0.023245573043823242
88.89980120390298,0.04209996645421,7,1452.png,9,6,0.015426792855721032,"[205, 776, 422, 996]",0.004323184490203857
88.89980120390298,0.04209996645421,9,1452.png,7,7,0.015426792855721032,"[205, 776, 422, 996]",0.004323095083236694
45.621864487047155,0.058362096015061184,18,15040.png,17,0,0.008411946566399825,"[280, 972, 427, 1122]",0.04262891411781311
45.621864487047155,0.058362096015061184,17,15040.png,18,1,0.008411946566399825,"[280, 972, 427, 1122]",0.04262888431549072
53.51008172142912,0.07624725447128962,15,15040.png,16,2,0.010695570700026552,"[382, 885, 545, 1057]",0.06587046384811401
53.51008172142912,0.07624725447128962,16,15040.png,15,3,0.010695570700026552,"[382, 885, 545, 1057]",0.06587046384811401
56.137639367928664,0.08262734023637695,13,15040.png,11,4,0.01173857577542506,"[511, 841, 681, 1022]",0.06010282039642334
56.137639367928664,0.08262734023637695,11,15040.png,13,5,0.01173857577542506,"[511, 841, 681, 1022]",0.06010273098945618
57.32791318707997,0.08409162221524945,10,15040.png,12,6,0.01376850628244608,"[648, 829, 835, 1022]",0.07546225190162659
57.32791318707997,0.08409162221524945,12,15040.png,10,7,0.01376850628244608,"[648, 829, 835, 1022]",0.0754622220993042
47.40828440546045,0.06430225215744054,19,15067.png,20,0,0.009440873282706461,"[455, 822, 614, 976]",0.0466080904006958
47.40828440546045,0.06430225215744054,20,15067.png,19,1,0.009440873282706461,"[455, 822, 614, 976]",0.04660797119140625
52.816485865880445,0.07861502841507051,17,15067.png,18,2,0.011074885410947496,"[558, 747, 725, 919]",0.05269607901573181
52.816485865880445,0.07861502841507051,18,15067.png,17,3,0.011074885410947496,"[558, 747, 725, 919]",0.05269607901573181
56.37540191338958,0.0808250894548516,8,15067.png,14,4,0.01267342582710779,"[836, 669, 1009, 859]",0.06078428030014038
56.37540191338958,0.0808250894548516,14,15067.png,8,5,0.01267342582710779,"[836, 669, 1009, 859]",0.06078428030014038
58.14454262028303,0.08945485161018733,15,15067.png,9,6,0.012453655437042337,"[687, 678, 857, 868]",0.07081598043441772
58.14454262028303,0.08945485161018733,9,15067.png,15,7,0.012453655437042337,"[687, 678, 857, 868]",0.07081595063209534
54.67302075042146,1.0,3,1518.png,4,0,0.008548718160831586,"[644, 1223, 829, 1366]",0.006009340286254883
54.67302075042146,1.0,4,1518.png,3,1,0.008548718160831586,"[644, 1223, 829, 1366]",0.006009161472320557
102.79198689184102,0.0,1,1518.png,2,2,0.013110511934275529,"[666, 898, 942, 1045]",0.035518646240234375
102.79198689184102,0.0,2,1518.png,1,3,0.013110511934275529,"[666, 898, 942, 1045]",0.035518646240234375
46.09259690169391,0.10040741227493757,11,1522.png,15,0,0.004275490076959467,"[987, 689, 1088, 820]",0.018736422061920166
46.09259690169391,0.10040741227493757,15,1522.png,11,1,0.004275490076959467,"[987, 689, 1088, 820]",0.01873624324798584
46.35807957669465,0.12248652911026416,10,1522.png,14,2,0.00488590506867411,"[1266, 684, 1386, 810]",0.019841432571411133
46.35807957669465,0.12248652911026416,14,1522.png,10,3,0.00488590506867411,"[1266, 684, 1386, 810]",0.019841253757476807
50.81561932698068,0.06886581679589959,8,1522.png,12,4,0.004662937178635411,"[1174, 649, 1285, 779]",0.02130722999572754
50.81561932698068,0.06886581679589959,12,1522.png,8,5,0.004662937178635411,"[1174, 649, 1285, 779]",0.02130722999572754
53.91897410404877,0.1625706400315416,18,1522.png,20,6,0.009075762550183933,"[1041, 923, 1227, 1074]",0.005698204040527344
53.91897410404877,0.1625706400315416,20,1522.png,18,7,0.009075762550183933,"[1041, 923, 1227, 1074]",0.005698084831237793
39.517720334240465,0.06880650445968084,15,15274.png,17,0,0.008237151124341757,"[363, 797, 501, 923]",0.02848181128501892
39.517720334240465,0.06880650445968084,17,15274.png,15,1,0.008237151124341757,"[363, 797, 501, 923]",0.02848181128501892
47.75858545545484,0.10703234027061465,13,15274.png,14,2,0.010943075165188325,"[442, 720, 592, 874]",0.02289840579032898
47.75858545545484,0.10703234027061465,14,15274.png,13,3,0.010943075165188325,"[442, 720, 592, 874]",0.022898346185684204
48.06875700506794,0.09878041380984164,9,15274.png,11,4,0.01035328604914246,"[546, 670, 687, 825]",0.016819149255752563
48.06875700506794,0.09878041380984164,11,15274.png,9,5,0.01035328604914246,"[546, 670, 687, 825]",0.016819149255752563
48.101942881167844,0.09453309871973788,10,15274.png,7,6,0.011420591172396542,"[667, 657, 814, 821]",0.021917253732681274
48.101942881167844,0.09453309871973788,7,15274.png,10,7,0.011420591172396542,"[667, 657, 814, 821]",0.0219171941280365
39.88586024204371,0.0671059790822804,16,15369.png,15,0,0.006710563706794693,"[531, 708, 668, 839]",0.0677759051322937
39.88586024204371,0.0671059790822804,15,15369.png,16,1,0.006710563706794693,"[531, 708, 668, 839]",0.06777584552764893
46.61304391369952,0.08705640529593132,10,15369.png,12,2,0.010241396329698928,"[861, 614, 1026, 780]",0.07464993000030518
46.61304391369952,0.08705640529593132,12,15369.png,10,3,0.010241396329698928,"[861, 614, 1026, 780]",0.0746498703956604
49.70398980759095,0.09020010882050662,14,15369.png,13,4,0.009146587696863643,"[623, 652, 774, 814]",0.056096792221069336
49.70398980759095,0.09020010882050662,13,15369.png,14,5,0.009146587696863643,"[623, 652, 774, 814]",0.056096673011779785
50.14558835706679,0.08572637688168792,9,15369.png,11,6,0.0091368660355065,"[740, 608, 889, 772]",0.08098047971725464
50.14558835706679,0.08572637688168792,11,15369.png,9,7,0.0091368660355065,"[740, 608, 889, 772]",0.08098030090332031
45.764740449562,0.06570378489909084,18,15446.png,17,0,0.010945205479452054,"[246, 735, 382, 876]",0.04103124141693115
45.764740449562,0.06570378489909084,17,15446.png,18,1,0.010945205479452054,"[246, 735, 382, 876]",0.04103118181228638
50.934469626310985,0.08536978528596299,14,15446.png,15,2,0.012575342465753425,"[331, 645, 475, 798]",0.040784358978271484
50.934469626310985,0.08536978528596299,15,15446.png,14,3,0.012575342465753425,"[331, 645, 475, 798]",0.04078426957130432
50.967074439081344,0.09001225095106068,9,15446.png,11,4,0.012545662100456621,"[561, 565, 701, 722]",0.03973853588104248
50.967074439081344,0.09001225095106068,11,15446.png,9,5,0.012545662100456621,"[561, 565, 701, 722]",0.039738476276397705
52.86385866983108,0.10471339222387001,10,15446.png,13,6,0.014307077625570777,"[425, 577, 576, 743]",0.055171579122543335
52.86385866983108,0.10471339222387001,13,15446.png,10,7,0.014307077625570777,"[425, 577, 576, 743]",0.055171579122543335
48.93925339598336,0.08316785961671669,15,1560.png,17,0,0.005872434576943618,"[607, 1175, 786, 1347]",0.008322477340698242
48.93925339598336,0.08316785961671669,17,1560.png,15,1,0.005872434576943618,"[607, 1175, 786, 1347]",0.00832223892211914
53.42007560009926,0.07979681366889864,10,1560.png,12,2,0.0077042801556420236,"[1005, 1065, 1209, 1263]",0.012881815433502197
53.42007560009926,0.07979681366889864,12,1560.png,10,3,0.0077042801556420236,"[1005, 1065, 1209, 1263]",0.012881815433502197
57.686262480525436,0.09369660586469637,9,1560.png,11,4,0.007215609979400321,"[842, 1055, 1037, 1249]",0.012895345687866211
57.686262480525436,0.09369660586469637,11,1560.png,9,5,0.007215609979400321,"[842, 1055, 1037, 1249]",0.012895286083221436
57.96129077666221,0.09997691064419302,13,1560.png,14,6,0.007550354772259098,"[703, 1108, 898, 1311]",0.008780300617218018
57.96129077666221,0.09997691064419302,14,1560.png,13,7,0.007550354772259098,"[703, 1108, 898, 1311]",0.008780241012573242
52.669535001763236,0.07681638314363808,19,1572.png,21,0,0.007583352407110704,"[668, 1297, 874, 1490]",0.02049022912979126
52.669535001763236,0.07681638314363808,21,1572.png,19,1,0.007583352407110704,"[668, 1297, 874, 1490]",0.020490169525146484
61.41937772136917,0.09986537755476686,17,1572.png,18,2,0.0077443350881208515,"[791, 1227, 992, 1429]",0.01070481538772583
61.41937772136917,0.09986537755476686,18,1572.png,17,3,0.0077443350881208515,"[791, 1227, 992, 1429]",0.010704755783081055
62.183903213896976,0.1005588871211194,13,1572.png,10,4,0.008734264133669031,"[1074, 1125, 1286, 1341]",0.024784982204437256
62.183903213896976,0.1005588871211194,10,1572.png,13,5,0.008734264133669031,"[1074, 1125, 1286, 1341]",0.024784862995147705
65.87983486445276,0.11165504018276017,16,1572.png,12,6,0.008886854352635996,"[913, 1142, 1121, 1366]",0.014529943466186523
65.87983486445276,0.11165504018276017,12,1572.png,16,7,0.008886854352635996,"[913, 1142, 1121, 1366]",0.014529883861541748
53.51292496381135,0.08157454532512368,18,1585.png,20,0,0.009012359807736323,"[610, 1173, 820, 1398]",0.01998823881149292
53.51292496381135,0.08157454532512368,20,1585.png,18,1,0.009012359807736323,"[610, 1173, 820, 1398]",0.01998811960220337
63.39192903538712,0.1264547816492864,16,1585.png,17,2,0.010518043793392844,"[714, 1065, 940, 1309]",0.027451038360595703
63.39192903538712,0.1264547816492864,17,1585.png,16,3,0.010518043793392844,"[714, 1065, 940, 1309]",0.027450919151306152
67.0704071267098,0.08271345695269958,9,1585.png,13,4,0.00995880064087892,"[1032, 967, 1261, 1195]",0.04718393087387085
67.0704071267098,0.08271345695269958,13,1585.png,9,5,0.00995880064087892,"[1032, 967, 1261, 1195]",0.04718393087387085
73.23659985973583,0.11837562729116988,10,1585.png,15,6,0.01296101319905394,"[832, 965, 1080, 1239]",0.045567989349365234
73.23659985973583,0.11837562729116988,15,1585.png,10,7,0.01296101319905394,"[832, 965, 1080, 1239]",0.045567989349365234
48.179925033211,0.09146757679180888,15,1590.png,17,0,0.004966044252340193,"[693, 730, 806, 866]",0.043180763721466064
48.179925033211,0.09146757679180888,17,1590.png,15,1,0.004966044252340193,"[693, 730, 806, 866]",0.043180763721466064
50.94759092603906,0.11376564277588168,14,1590.png,10,2,0.006002683370085336,"[986, 686, 1115, 830]",0.03751635551452637
50.94759092603906,0.11376564277588168,10,1590.png,14,3,0.006002683370085336,"[986, 686, 1115, 830]",0.03751629590988159
53.6950443850889,0.110580204778157,16,1590.png,11,4,0.0060017139444764715,"[787, 692, 910, 843]",0.046928226947784424
53.6950443850889,0.110580204778157,11,1590.png,16,5,0.0060017139444764715,"[787, 692, 910, 843]",0.0469280481338501
54.00697716848998,0.1055745164960182,9,1590.png,13,6,0.006139695522804768,"[887, 672, 1012, 824]",0.07663208246231079
54.00697716848998,0.1055745164960182,13,1590.png,9,7,0.006139695522804768,"[887, 672, 1012, 824]",0.07663208246231079
50.728180744789476,0.06513718671812052,16,1620.png,17,0,0.010801016992092072,"[299, 1040, 490, 1215]",0.02444446086883545
50.728180744789476,0.06513718671812052,17,1620.png,16,1,0.010801016992092072,"[299, 1040, 490, 1215]",0.02444446086883545
55.69557852400772,0.08184555362368008,14,1620.png,10,2,0.013980086705426456,"[760, 988, 967, 1197]",0.033155083656311035
55.69557852400772,0.08184555362368008,10,1620.png,14,3,0.013980086705426456,"[760, 988, 967, 1197]",0.03315505385398865
58.04711552455843,0.07951316738051821,15,1620.png,11,4,0.011054360217875174,"[445, 994, 626, 1183]",0.041156649589538574
58.04711552455843,0.07951316738051821,11,1620.png,15,5,0.011054360217875174,"[445, 994, 626, 1183]",0.041156619787216187
59.82756628605839,0.08892752639837156,9,1620.png,13,6,0.014041160518784884,"[579, 965, 792, 1169]",0.04729488492012024
59.82756628605839,0.08892752639837156,13,1620.png,9,7,0.014041160518784884,"[579, 965, 792, 1169]",0.04729485511779785
70.61689487726338,0.13090497005018617,13,1660.png,16,0,0.013698786907759213,"[715, 902, 981, 1172]",0.009150326251983643
70.61689487726338,0.13090497005018617,16,1660.png,13,1,0.013698786907759213,"[715, 902, 981, 1172]",0.009150296449661255
76.46097242138609,0.13203820624898818,10,1660.png,11,2,0.015108720531013963,"[835, 786, 1111, 1073]",0.008581995964050293
76.46097242138609,0.13203820624898818,11,1660.png,10,3,0.015108720531013963,"[835, 786, 1111, 1073]",0.008581966161727905
79.86584612072504,0.1089849441476445,8,1660.png,9,4,0.01473792629892424,"[1014, 719, 1288, 1001]",0.018906235694885254
79.86584612072504,0.1089849441476445,9,1660.png,8,5,0.01473792629892424,"[1014, 719, 1288, 1001]",0.018906235694885254
146.8118451078146,0.03885381253035454,12,1660.png,14,6,0.018179598687724115,"[265, 833, 587, 1129]",0.005594998598098755
146.8118451078146,0.03885381253035454,14,1660.png,12,7,0.018179598687724115,"[265, 833, 587, 1129]",0.005594998598098755
72.01979791527016,0.08227039004573734,18,1666.png,17,0,0.013847562371252002,"[557, 1045, 821, 1320]",0.01956963539123535
72.01979791527016,0.08227039004573734,17,1666.png,18,1,0.013847562371252002,"[557, 1045, 821, 1320]",0.019569575786590576
82.29444278777095,0.11624669753700179,15,1666.png,12,2,0.01590314335851072,"[736, 944, 1013, 1245]",0.02413240075111389
82.29444278777095,0.11624669753700179,12,1666.png,15,3,0.01590314335851072,"[736, 944, 1013, 1245]",0.024132370948791504
84.14629845374576,0.0892872361580637,10,1666.png,13,4,0.016196688792248417,"[1138, 901, 1422, 1200]",0.021747708320617676
84.14629845374576,0.0892872361580637,13,1666.png,10,5,0.016196688792248417,"[1138, 901, 1422, 1200]",0.0217476487159729
87.61734809109446,0.12832021817562,11,1666.png,9,6,0.017271686884870678,"[919, 882, 1213, 1190]",0.027866661548614502
87.61734809109446,0.12832021817562,9,1666.png,11,7,0.017271686884870678,"[919, 882, 1213, 1190]",0.027866601943969727
58.71344847584095,0.06895010144778019,16,1674.png,17,0,0.008731975280384528,"[571, 989, 781, 1207]",0.010348618030548096
58.71344847584095,0.06895010144778019,17,1674.png,16,1,0.008731975280384528,"[571, 989, 781, 1207]",0.01034855842590332
61.796085499919826,0.09322879053612573,15,1674.png,13,2,0.009224841687647822,"[718, 885, 932, 1111]",0.028431415557861328
61.796085499919826,0.09322879053612573,13,1674.png,15,3,0.009224841687647822,"[718, 885, 932, 1111]",0.02843138575553894
67.17318574993004,0.09883421025482307,11,1674.png,9,4,0.010801098649576563,"[871, 810, 1105, 1052]",0.030302047729492188
67.17318574993004,0.09883421025482307,9,1674.png,11,5,0.010801098649576563,"[871, 810, 1105, 1052]",0.030301988124847412
69.59366036703867,0.09381340486261563,10,1674.png,12,6,0.011968795300221257,"[1045, 809, 1295, 1060]",0.017576903104782104
69.59366036703867,0.09381340486261563,12,1674.png,10,7,0.011968795300221257,"[1045, 809, 1295, 1060]",0.017576903104782104
46.63758393381091,0.07699468600907645,25,1678.png,24,0,0.006490424963759823,"[761, 1271, 949, 1452]",0.018923133611679077
46.63758393381091,0.07699468600907645,24,1678.png,25,1,0.006490424963759823,"[761, 1271, 949, 1452]",0.01892310380935669
53.07101142341727,0.09790155540902215,21,1678.png,22,2,0.007289997711146716,"[850, 1174, 1045, 1370]",0.020736783742904663
53.07101142341727,0.09790155540902215,22,1678.png,21,3,0.007289997711146716,"[850, 1174, 1045, 1370]",0.020736753940582275
57.48962990668055,0.08533416081610488,8,1678.png,11,4,0.00759136339360647,"[1119, 1042, 1318, 1242]",0.041853904724121094
57.48962990668055,0.08533416081610488,11,1678.png,8,5,0.00759136339360647,"[1119, 1042, 1318, 1242]",0.04185378551483154
59.56413108989997,0.10263372250882433,10,1678.png,14,6,0.008976882581826506,"[951, 1063, 1163, 1285]",0.030755847692489624
59.56413108989997,0.10263372250882433,14,1678.png,10,7,0.008976882581826506,"[951, 1063, 1163, 1285]",0.030755847692489624
59.61014651428389,0.08614159463921531,16,1694.png,18,0,0.009828526741435873,"[840, 1065, 1067, 1292]",0.03352603316307068
59.61014651428389,0.08614159463921531,18,1694.png,16,1,0.009828526741435873,"[840, 1065, 1067, 1292]",0.03352600336074829
64.03677616106334,0.11045288271664887,14,1694.png,15,2,0.00951972228580148,"[973, 989, 1190, 1219]",0.02117648720741272
64.03677616106334,0.11045288271664887,15,1694.png,14,3,0.00951972228580148,"[973, 989, 1190, 1219]",0.02117648720741272
73.08912482277283,0.09384610404324885,10,1694.png,12,4,0.012621881437399863,"[1292, 896, 1538, 1165]",0.0288141667842865
73.08912482277283,0.09384610404324885,12,1694.png,10,5,0.012621881437399863,"[1292, 896, 1538, 1165]",0.0288141667842865
73.79625133804379,0.11184487391149525,11,1694.png,13,6,0.012484740978103304,"[1111, 907, 1358, 1172]",0.0325770378112793
73.79625133804379,0.11184487391149525,13,1694.png,11,7,0.012484740978103304,"[1111, 907, 1358, 1172]",0.03257697820663452
55.17008783237967,0.0801947692648198,20,1736.png,19,0,0.01208938362627221,"[290, 800, 478, 999]",0.02376711368560791
55.17008783237967,0.0801947692648198,19,1736.png,20,1,0.01208938362627221,"[290, 800, 478, 999]",0.023767024278640747
60.032192515492035,0.10096277988859788,16,1736.png,17,2,0.011945262352421108,"[408, 737, 591, 939]",0.03180825710296631
60.032192515492035,0.10096277988859788,17,1736.png,16,3,0.011945262352421108,"[408, 737, 591, 939]",0.03180825710296631
65.98880845939475,0.10144232542697997,15,1736.png,13,4,0.01542097630206785,"[523, 673, 737, 896]",0.038310736417770386
65.98880845939475,0.10144232542697997,13,1736.png,15,5,0.01542097630206785,"[523, 673, 737, 896]",0.03831064701080322
69.03996163357992,0.08631819690877568,12,1736.png,14,6,0.018688586887678472,"[695, 666, 933, 909]",0.03433308005332947
69.03996163357992,0.08631819690877568,14,1736.png,12,7,0.018688586887678472,"[695, 666, 933, 909]",0.03433305025100708
27.56806291184605,0.06484437350359137,14,1742.png,9,0,0.006580453192950332,"[883, 919, 1113, 1069]",0.025167256593704224
27.56806291184605,0.06484437350359137,9,1742.png,14,1,0.006580453192950332,"[883, 919, 1113, 1069]",0.025167226791381836
59.22376426451681,0.1206437882415536,12,1742.png,14,2,0.010737773708705272,"[862, 961, 1110, 1188]",-0.0018162727355957031
76.55096815017399,0.13441074753923915,15,1742.png,16,3,0.01388933394369421,"[700, 999, 961, 1278]",0.019204378128051758
76.55096815017399,0.13441074753923915,16,1742.png,15,4,0.01388933394369421,"[700, 999, 961, 1278]",0.01920434832572937
163.71173157749806,0.2078345304602288,17,1742.png,16,5,0.044092088197146564,"[496, 989, 1019, 1431]",0.06441870331764221
175.29043879828603,0.049215216812982174,7,1742.png,8,6,0.024703212024109255,"[394, 635, 713, 1041]",-0.009859859943389893
175.29043879828603,0.049215216812982174,8,1742.png,7,7,0.024703212024109255,"[394, 635, 713, 1041]",-0.009859949350357056
60.94884894021639,0.08713078645193904,18,1807.png,16,0,0.01709420490296696,"[275, 1002, 505, 1232]",0.021350771188735962
60.94884894021639,0.08713078645193904,16,1807.png,18,1,0.01709420490296696,"[275, 1002, 505, 1232]",0.021350711584091187
67.70447714198642,0.08947786524156857,14,1807.png,11,2,0.02260506634748867,"[749, 892, 1011, 1159]",0.016609668731689453
67.70447714198642,0.08947786524156857,11,1807.png,14,3,0.02260506634748867,"[749, 892, 1011, 1159]",0.016609638929367065
70.19182039631724,0.10507691196649094,15,1807.png,13,4,0.01677752587073808,"[426, 932, 646, 1168]",0.019327789545059204
70.19182039631724,0.10507691196649094,13,1807.png,15,5,0.01677752587073808,"[426, 932, 646, 1168]",0.019327759742736816
82.04444937351725,0.1269950169711851,10,1807.png,12,6,0.022771807552213263,"[557, 868, 818, 1138]",0.0195196270942688
82.04444937351725,0.1269950169711851,12,1807.png,10,7,0.022771807552213263,"[557, 868, 818, 1138]",0.0195196270942688
64.97617119985243,0.09078572397883024,17,1812.png,18,0,0.011123064011596857,"[574, 1049, 813, 1293]",0.010294139385223389
64.97617119985243,0.09078572397883024,18,1812.png,17,1,0.011123064011596857,"[574, 1049, 813, 1293]",0.010294139385223389
69.861317547048,0.12036911385533994,14,1812.png,16,2,0.011055161364156558,"[717, 969, 947, 1221]",0.020197182893753052
69.861317547048,0.12036911385533994,16,1812.png,14,3,0.011055161364156558,"[717, 969, 947, 1221]",0.020197123289108276
76.77612481798042,0.09071787216718687,9,1812.png,11,4,0.014253833829251545,"[1049, 869, 1314, 1151]",0.02096053957939148
76.77612481798042,0.09071787216718687,11,1812.png,9,5,0.014253833829251545,"[1049, 869, 1314, 1151]",0.020960479974746704
83.07943357822458,0.12640792509159995,13,1812.png,10,6,0.014679179064621958,"[854, 878, 1114, 1174]",0.016279876232147217
83.07943357822458,0.12640792509159995,10,1812.png,13,7,0.014679179064621958,"[854, 878, 1114, 1174]",0.016279757022857666
57.54177377869453,0.09937912151478925,19,1827.png,17,0,0.009185931181811246,"[567, 982, 782, 1206]",0.01210087537765503
57.54177377869453,0.09937912151478925,17,1827.png,19,1,0.009185931181811246,"[567, 982, 782, 1206]",0.012100845575332642
66.61771017614724,0.13250549535305234,15,1827.png,16,2,0.009937819485770962,"[698, 896, 916, 1135]",0.015467554330825806
66.61771017614724,0.13250549535305234,16,1827.png,15,3,0.009937819485770962,"[698, 896, 916, 1135]",0.015467554330825806
66.82551942908533,0.09949481315799621,13,1827.png,11,4,0.011169604028381781,"[993, 810, 1237, 1050]",0.03001508116722107
66.82551942908533,0.09949481315799621,11,1827.png,13,5,0.011169604028381781,"[993, 810, 1237, 1050]",0.03001505136489868
73.13230298538397,0.1346650726929158,14,1827.png,12,6,0.011062790875104906,"[823, 829, 1055, 1079]",0.026520460844039917
73.13230298538397,0.1346650726929158,12,1827.png,14,7,0.011062790875104906,"[823, 829, 1055, 1079]",0.02652028203010559
53.74859033981975,0.07966464904695665,16,1828.png,15,0,0.008012703135729,"[561, 1060, 770, 1261]",0.023119449615478516
53.74859033981975,0.07966464904695665,15,1828.png,16,1,0.008012703135729,"[561, 1060, 770, 1261]",0.02311939001083374
62.94380714274294,0.09365013722320388,9,1828.png,11,2,0.00852826733806363,"[844, 936, 1051, 1152]",0.016615062952041626
62.94380714274294,0.09365013722320388,11,1828.png,9,3,0.00852826733806363,"[844, 936, 1051, 1152]",0.016615062952041626
64.26051173405426,0.09895108838678146,12,1828.png,14,4,0.008852140077821011,"[693, 990, 903, 1211]",0.02218952775001526
64.26051173405426,0.09895108838678146,14,1828.png,12,5,0.008852140077821011,"[693, 990, 903, 1211]",0.02218952775001526
65.26155765427899,0.08255949471784653,13,1828.png,10,6,0.009434653238727398,"[1017, 962, 1233, 1191]",0.027149349451065063
65.26155765427899,0.08255949471784653,10,1828.png,13,7,0.009434653238727398,"[1017, 962, 1233, 1191]",0.027149319648742676
71.69915698518508,0.08774691358024692,19,1846.png,18,0,0.012633325703822385,"[509, 1177, 758, 1443]",0.0449124276638031
71.69915698518508,0.08774691358024692,18,1846.png,19,1,0.012633325703822385,"[509, 1177, 758, 1443]",0.04491239786148071
79.87933551913794,0.12,16,1846.png,15,2,0.013314259555962462,"[661, 1064, 913, 1341]",0.05396828055381775
79.87933551913794,0.12,15,1846.png,16,3,0.013314259555962462,"[661, 1064, 913, 1341]",0.053968191146850586
86.37665737821621,0.1079320987654321,9,1846.png,12,4,0.018742275120164797,"[1012, 972, 1321, 1290]",0.04922810196876526
86.37665737821621,0.1079320987654321,12,1846.png,9,5,0.018742275120164797,"[1012, 972, 1321, 1290]",0.04922807216644287
88.45327411273033,0.1350925925925926,11,1846.png,14,6,0.016429388876173037,"[816, 984, 1107, 1280]",0.04059559106826782
88.45327411273033,0.1350925925925926,14,1846.png,11,7,0.016429388876173037,"[816, 984, 1107, 1280]",0.04059553146362305
68.5225102162558,0.09575038541457202,22,1855.png,23,0,0.012633325703822385,"[554, 1477, 803, 1743]",0.021044373512268066
68.5225102162558,0.09575038541457202,23,1855.png,22,1,0.012633325703822385,"[554, 1477, 803, 1743]",0.02104431390762329
74.06114496772732,0.1292982103358134,12,1855.png,16,2,0.013222323949034867,"[829, 1304, 1082, 1578]",0.03315681219100952
74.06114496772732,0.1292982103358134,16,1855.png,12,3,0.013222323949034867,"[829, 1304, 1082, 1578]",0.033156633377075195
74.25844944538893,0.12266237683490851,17,1855.png,21,4,0.013084611276417182,"[689, 1379, 934, 1659]",0.02427840232849121
74.25844944538893,0.12266237683490851,21,1855.png,17,5,0.013084611276417182,"[689, 1379, 934, 1659]",0.024278342723846436
82.92021654201831,0.1158924860915611,11,1855.png,14,6,0.014514190890363928,"[1008, 1273, 1275, 1558]",0.05600002408027649
82.92021654201831,0.1158924860915611,14,1855.png,11,7,0.014514190890363928,"[1008, 1273, 1275, 1558]",0.055999964475631714
51.95740083869667,0.06658452967645168,16,1880.png,17,0,0.007799998448919026,"[1068, 990, 1217, 1152]",0.017476379871368408
51.95740083869667,0.06658452967645168,17,1880.png,16,1,0.007799998448919026,"[1068, 990, 1217, 1152]",0.017476320266723633
58.51892841186059,0.0944396828797943,14,1880.png,15,2,0.009632212849671817,"[956, 930, 1118, 1114]",0.019746601581573486
58.51892841186059,0.0944396828797943,15,1880.png,14,3,0.009632212849671817,"[956, 930, 1118, 1114]",0.019746601581573486
59.646838377571136,0.09717163059781445,10,1880.png,13,4,0.01060939386340664,"[841, 863, 1012, 1055]",0.020022273063659668
59.646838377571136,0.09717163059781445,13,1880.png,10,5,0.01060939386340664,"[841, 863, 1012, 1055]",0.020022213459014893
60.722098410036324,0.09320762802656953,9,1880.png,11,6,0.011915533300415948,"[682, 847, 861, 1053]",0.01688462495803833
60.722098410036324,0.09320762802656953,11,1880.png,9,7,0.011915533300415948,"[682, 847, 861, 1053]",0.016884565353393555
52.997262461437664,0.12324602432179607,8,1884.png,10,0,0.006369126250235894,"[846, 1230, 981, 1376]",0.018529444932937622
52.997262461437664,0.12324602432179607,10,1884.png,8,1,0.006369126250235894,"[846, 1230, 981, 1376]",0.018529444932937622
54.961928461243104,0.13774555659494855,9,1884.png,7,2,0.0060569712041817145,"[758, 1192, 890, 1334]",0.014786690473556519
54.961928461243104,0.13774555659494855,7,1884.png,9,3,0.0060569712041817145,"[758, 1192, 890, 1334]",0.014786601066589355
58.555114951233804,0.1646398503274088,14,1884.png,12,4,0.010970666473643257,"[574, 1461, 768, 1636]",0.0017825961112976074
58.555114951233804,0.1646398503274088,12,1884.png,14,5,0.010970666473643257,"[574, 1461, 768, 1636]",0.001782536506652832
98.44118765195806,0.23246024321796072,6,1884.png,9,6,0.013510561568866703,"[648, 1170, 874, 1355]",0.027344346046447754
117.18933452846473,0.24836295603367634,16,1884.png,14,7,0.02448381317746693,"[570, 1446, 801, 1774]",0.010501563549041748
72.34374844209518,0.09806964788049277,27,1886.png,29,0,0.0148378728923476,"[663, 1309, 935, 1595]",0.037191241979599
72.34374844209518,0.09806964788049277,29,1886.png,27,1,0.0148378728923476,"[663, 1309, 935, 1595]",0.037191241979599
76.67838729292521,0.14993371487696835,26,1886.png,25,2,0.01612878614480812,"[751, 1169, 1031, 1471]",0.03712421655654907
76.67838729292521,0.14993371487696835,25,1886.png,26,3,0.01612878614480812,"[751, 1169, 1031, 1471]",0.0371241420507431
79.24243480738909,0.11022730947068904,12,1886.png,15,4,0.017051384756237124,"[1066, 978, 1363, 1279]",0.01878085732460022
79.24243480738909,0.11022730947068904,15,1886.png,12,5,0.017051384756237124,"[1066, 978, 1363, 1279]",0.018780827522277832
168.77528987182365,0.25666893006111163,16,1886.png,25,6,0.04748226138704509,"[694, 988, 1234, 1449]",0.03689835965633392
183.85286276062305,0.06757849128593138,19,1886.png,10,7,0.027979705500877392,"[368, 903, 732, 1306]",0.00884123146533966
58.14150338844675,0.0872796153285735,15,1901.png,16,0,0.015495298932080749,"[365, 758, 581, 980]",0.015270411968231201
58.14150338844675,0.0872796153285735,16,1901.png,15,1,0.015495298932080749,"[365, 758, 581, 980]",0.015270262956619263
59.56700290263876,0.09886347078537083,14,1901.png,13,2,0.014591794264619585,"[505, 688, 717, 901]",0.015570729970932007
59.56700290263876,0.09886347078537083,13,1901.png,14,3,0.014591794264619585,"[505, 688, 717, 901]",0.015570670366287231
62.19629373448086,0.07671572198746904,11,1901.png,12,4,0.016577824195312115,"[830, 635, 1056, 862]",0.014379113912582397
62.19629373448086,0.07671572198746904,12,1901.png,11,5,0.016577824195312115,"[830, 635, 1056, 862]",0.014379054307937622
149.70073649394612,0.04356695322745155,7,1901.png,8,6,0.03285060246570172,"[134, 398, 433, 738]",0.004389703273773193
149.70073649394612,0.04356695322745155,8,1901.png,7,7,0.03285060246570172,"[134, 398, 433, 738]",0.00438961386680603
66.44858989955237,0.13623427201917315,17,1931.png,13,0,0.012881666285191119,"[640, 1022, 892, 1290]",0.02326551079750061
66.44858989955237,0.13623427201917315,13,1931.png,17,1,0.012881666285191119,"[640, 1022, 892, 1290]",0.023265480995178223
74.6815785127285,0.10313061713600959,11,1931.png,9,2,0.013274586099031052,"[960, 891, 1214, 1165]",0.023261457681655884
74.6815785127285,0.10313061713600959,9,1931.png,11,3,0.013274586099031052,"[960, 891, 1214, 1165]",0.023261427879333496
142.86098078540857,0.18757489514679448,21,1931.png,17,4,0.03434214541847867,"[487, 1031, 936, 1432]",0.04997560381889343
157.32998451071387,0.25730227681246254,12,1931.png,13,5,0.03769588769359884,"[582, 887, 1094, 1273]",0.0574052631855011
168.77374903887548,0.056021569802276815,7,1931.png,10,6,0.023859578850995652,"[265, 752, 604, 1121]",-0.007497042417526245
168.77374903887548,0.056021569802276815,10,1931.png,7,7,0.023859578850995652,"[265, 752, 604, 1121]",-0.007497042417526245
65.62233639101126,0.12810155799192152,15,1934.png,14,0,0.009637026016632334,"[704, 1207, 919, 1442]",0.027702420949935913
65.62233639101126,0.12810155799192152,14,1934.png,15,1,0.009637026016632334,"[704, 1207, 919, 1442]",0.027702391147613525
73.53428747563285,0.10512839007501443,9,1934.png,11,2,0.012249179827573052,"[1009, 1145, 1256, 1405]",0.04810771346092224
73.53428747563285,0.10512839007501443,11,1934.png,9,3,0.012249179827573052,"[1009, 1145, 1256, 1405]",0.04810762405395508
73.82710124134775,0.12893104443162146,10,1934.png,12,4,0.011675822079804684,"[835, 1152, 1076, 1406]",0.03279492259025574
73.82710124134775,0.12893104443162146,12,1934.png,10,5,0.011675822079804684,"[835, 1152, 1076, 1406]",0.03279489278793335
138.05221391860618,0.20856174264281593,16,1934.png,15,6,0.03105058365758755,"[515, 1201, 971, 1558]",0.059752076864242554
147.83293762179707,0.04342181188690133,7,1934.png,8,7,0.01765011062790875,"[443, 885, 712, 1229]",0.003088921308517456
31.4701232913516,0.06938684834123222,16,2024.png,17,0,0.012316732111076584,"[158, 579, 266, 688]",0.006209179759025574
31.4701232913516,0.06938684834123222,17,2024.png,16,1,0.012316732111076584,"[158, 579, 266, 688]",0.006209179759025574
33.91866010762273,0.08701125592417061,14,2024.png,15,2,0.014423927020328048,"[222, 517, 335, 639]",0.008403375744819641
33.91866010762273,0.08701125592417061,15,2024.png,14,3,0.014423927020328048,"[222, 517, 335, 639]",0.008403375744819641
35.43143068074132,0.0798281990521327,8,2024.png,11,4,0.015819655922483685,"[404, 462, 524, 588]",0.005228787660598755
35.43143068074132,0.0798281990521327,11,2024.png,8,5,0.015819655922483685,"[404, 462, 524, 588]",0.005228742957115173
36.42527727207694,0.0815313981042654,10,2024.png,12,6,0.015028673126359502,"[301, 472, 415, 598]",0.0002291947603225708
36.42527727207694,0.0815313981042654,12,2024.png,10,7,0.015028673126359502,"[301, 472, 415, 598]",0.00022917985916137695
40.92727543813075,0.12400024421515356,15,2044.png,16,0,0.012004871542075045,"[454, 561, 592, 714]",0.007189542055130005
40.92727543813075,0.12400024421515356,16,2044.png,15,1,0.012004871542075045,"[454, 561, 592, 714]",0.007189542055130005
41.352626470574236,0.09902924476463765,8,2044.png,12,2,0.01219136381572289,"[650, 518, 792, 669]",0.015558838844299316
41.352626470574236,0.09902924476463765,12,2044.png,8,3,0.01219136381572289,"[650, 518, 792, 669]",0.015558838844299316
47.55359025548245,0.13663837841138043,9,2044.png,13,4,0.0144235853594468,"[538, 515, 689, 683]",0.013184607028961182
47.55359025548245,0.13663837841138043,13,2044.png,9,5,0.0144235853594468,"[538, 515, 689, 683]",0.0131845623254776
73.63043407815262,0.1974479516453996,20,2044.png,21,6,0.027134625815761555,"[469, 900, 663, 1146]",0.013177737593650818
73.63043407815262,0.1974479516453996,21,2044.png,20,7,0.027134625815761555,"[469, 900, 663, 1146]",0.013177648186683655
42.82961441572139,0.0,13,2246.png,10,0,0.014216817856053977,"[676, 653, 848, 820]",0.0064668208360672
42.82961441572139,0.0,10,2246.png,13,1,0.014216817856053977,"[676, 653, 848, 820]",0.006466813385486603
43.41102512800067,0.0,11,2246.png,14,2,0.012658234113235637,"[479, 665, 634, 830]",0.01127450168132782
43.41102512800067,0.0,14,2246.png,11,3,0.012658234113235637,"[479, 665, 634, 830]",0.01127450168132782
46.082721648379,0.0,12,2246.png,9,4,0.01219545996285928,"[573, 642, 727, 802]",0.011002182960510254
46.082721648379,0.0,9,2246.png,12,5,0.01219545996285928,"[573, 642, 727, 802]",0.011002175509929657
65.44805924903379,0.6412302335702887,21,2246.png,19,6,0.02654690302629547,"[443, 969, 655, 1222]",0.023981913924217224
65.44805924903379,0.6412302335702887,19,2246.png,21,7,0.02654690302629547,"[443, 969, 655, 1222]",0.02398189902305603
30.474671156033992,0.08934202228295143,16,2248.png,17,0,0.010700784520954432,"[270, 473, 387, 590]",0.009150326251983643
30.474671156033992,0.08934202228295143,17,2248.png,16,1,0.010700784520954432,"[270, 473, 387, 590]",0.009150326251983643
33.91061687170767,0.11092425197953892,14,2248.png,13,2,0.01106662330799561,"[341, 430, 458, 551]",0.004761934280395508
33.91061687170767,0.11092425197953892,13,2248.png,14,3,0.01106662330799561,"[341, 430, 458, 551]",0.004761919379234314
38.64966720075516,0.09438721883540047,9,2248.png,11,4,0.014563197868754553,"[511, 388, 646, 526]",0.011928141117095947
38.64966720075516,0.09438721883540047,11,2248.png,9,5,0.014563197868754553,"[511, 388, 646, 526]",0.01192811131477356
40.2070242965034,0.11057389110784108,10,2248.png,12,6,0.013279635286870765,"[419, 394, 543, 531]",0.010784327983856201
40.2070242965034,0.11057389110784108,12,2248.png,10,7,0.013279635286870765,"[419, 394, 543, 531]",0.010784327983856201
27.562749071939162,0.09610652771746997,14,2709.png,16,0,0.0075120918984280536,"[215, 333, 285, 404]",0.009158015251159668
27.562749071939162,0.09610652771746997,16,2709.png,14,1,0.0075120918984280536,"[215, 333, 285, 404]",0.009158015251159668
31.573599791338957,0.11622521348965117,13,2709.png,12,2,0.01090689238210399,"[263, 291, 345, 379]",0.010853126645088196
31.573599791338957,0.11622521348965117,12,2709.png,13,3,0.01090689238210399,"[263, 291, 345, 379]",0.010853111743927002
33.062961392501784,0.09900130264871906,7,2709.png,9,4,0.012442563482466747,"[392, 248, 476, 346]",0.005742296576499939
33.062961392501784,0.09900130264871906,9,2709.png,7,5,0.012442563482466747,"[392, 248, 476, 346]",0.005742251873016357
34.002342677716385,0.118396294688088,8,2709.png,11,6,0.012146311970979444,"[322, 256, 404, 354]",0.008764132857322693
34.002342677716385,0.118396294688088,11,2709.png,8,7,0.012146311970979444,"[322, 256, 404, 354]",0.008764073252677917
30.712898189599706,0.10325447653901451,16,2853.png,17,0,0.007345409354522859,"[277, 502, 371, 585]",0.005882352590560913
30.712898189599706,0.10325447653901451,17,2853.png,16,1,0.007345409354522859,"[277, 502, 371, 585]",0.005882345139980316
34.59616938724528,0.10351588027708797,7,2853.png,9,2,0.009026888604353392,"[484, 390, 578, 492]",0.017171710729599
34.59616938724528,0.10351588027708797,9,2853.png,7,3,0.009026888604353392,"[484, 390, 578, 492]",0.017171710729599
38.25914945024475,0.11175009802640178,8,2853.png,10,4,0.009235896663402876,"[400, 398, 490, 507]",0.01601307839155197
38.25914945024475,0.11175009802640178,10,2853.png,8,5,0.009235896663402876,"[400, 398, 490, 507]",0.016013070940971375
40.760835948779814,0.14194222977388576,11,2853.png,15,6,0.012506590344204264,"[321, 434, 429, 557]",0.004901960492134094
40.760835948779814,0.14194222977388576,15,2853.png,11,7,0.012506590344204264,"[321, 434, 429, 557]",0.004901960492134094
41.407396329831926,0.09548004657563247,16,3058.png,17,0,0.017160662067399142,"[233, 629, 387, 786]",0.020696081221103668
41.407396329831926,0.09548004657563247,17,3058.png,16,1,0.017160662067399142,"[233, 629, 387, 786]",0.020696081221103668
43.90772962657317,0.10167248862072616,11,3058.png,9,2,0.020370212645146636,"[525, 546, 700, 710]",0.012127824127674103
43.90772962657317,0.10167248862072616,9,3058.png,11,3,0.020370212645146636,"[525, 546, 700, 710]",0.012127816677093506
44.919236468868796,0.10082565893934582,12,3058.png,10,4,0.016942054907304886,"[423, 553, 578, 707]",0.0040966421365737915
44.919236468868796,0.10082565893934582,10,3058.png,12,5,0.016942054907304886,"[423, 553, 578, 707]",0.004096627235412598
44.991339140702614,0.12347835291626971,13,3058.png,15,6,0.017460182267268545,"[321, 584, 471, 748]",0.00833333283662796
44.991339140702614,0.12347835291626971,15,3058.png,13,7,0.017460182267268545,"[321, 584, 471, 748]",0.008333317935466766
50.02729595273724,0.06168387488612208,16,3249.png,18,0,0.0045981931979215875,"[827, 1279, 1002, 1457]",0.04274517297744751
50.02729595273724,0.06168387488612208,18,3249.png,16,1,0.0045981931979215875,"[827, 1279, 1002, 1457]",0.042745113372802734
59.925317971004155,0.08723048891588217,14,3249.png,15,2,0.005866792631081719,"[961, 1206, 1153, 1413]",0.04890400171279907
59.925317971004155,0.08723048891588217,15,3249.png,14,3,0.005866792631081719,"[961, 1206, 1153, 1413]",0.0489039421081543
60.31828295304372,0.094328879441239,10,3249.png,12,4,0.007841875295229098,"[1242, 1155, 1475, 1383]",0.027886688709259033
60.31828295304372,0.094328879441239,12,3249.png,10,5,0.007841875295229098,"[1242, 1155, 1475, 1383]",0.027886688709259033
64.37367788808504,0.1125493470999089,9,3249.png,11,6,0.007142182333490789,"[1088, 1150, 1304, 1374]",0.07444453239440918
64.37367788808504,0.1125493470999089,11,3249.png,9,7,0.007142182333490789,"[1088, 1150, 1304, 1374]",0.0744444727897644
26.563093279829125,0.06131157358886061,16,3269.png,17,0,0.007946840708114232,"[273, 538, 373, 632]",0.006421566009521484
26.563093279829125,0.06131157358886061,17,3269.png,16,1,0.007946840708114232,"[273, 538, 373, 632]",0.006421566009521484
29.238855337906124,0.07066926186554874,14,3269.png,15,2,0.008965558054207599,"[340, 485, 441, 590]",0.009576871991157532
29.238855337906124,0.07066926186554874,15,3269.png,14,3,0.008965558054207599,"[340, 485, 441, 590]",0.009576871991157532
32.686802481268984,0.08766282377601438,9,3269.png,12,4,0.009947077422518304,"[415, 440, 521, 551]",0.007450982928276062
32.686802481268984,0.08766282377601438,12,3269.png,9,5,0.009947077422518304,"[415, 440, 521, 551]",0.007450982928276062
33.20350711436077,0.08309627189699056,10,3269.png,8,6,0.011277750536834451,"[507, 424, 622, 540]",0.00849674642086029
33.20350711436077,0.08309627189699056,8,3269.png,10,7,0.011277750536834451,"[507, 424, 622, 540]",0.008496731519699097
25.585922342762718,0.053009789627161005,21,3352.png,23,0,0.005982376543726596,"[284, 574, 351, 638]",0.0009150207042694092
25.585922342762718,0.053009789627161005,23,3352.png,21,1,0.005982376543726596,"[284, 574, 351, 638]",0.0009150207042694092
30.91498262510572,0.08019162674442824,15,3352.png,16,2,0.012031719989062073,"[130, 359, 218, 457]",0.003050103783607483
30.91498262510572,0.08019162674442824,16,3352.png,15,3,0.012031719989062073,"[130, 359, 218, 457]",0.003050103783607483
35.825852284228866,0.09664653197250572,10,3352.png,14,4,0.014219305441618812,"[191, 324, 282, 436]",0.0037348195910453796
35.825852284228866,0.09664653197250572,14,3352.png,10,5,0.014219305441618812,"[191, 324, 282, 436]",0.0037348121404647827
35.9192455041024,0.09633409706311186,11,3352.png,13,6,0.01791364618037535,"[337, 324, 444, 444]",0.006722688674926758
35.9192455041024,0.09633409706311186,13,3352.png,11,7,0.01791364618037535,"[337, 324, 444, 444]",0.006722688674926758
39.06629311120073,0.08344312692138779,16,3353.png,17,0,0.012935806017307578,"[273, 553, 389, 676]",0.018319346010684967
39.06629311120073,0.08344312692138779,17,3353.png,16,1,0.012935806017307578,"[273, 553, 389, 676]",0.01831933856010437
41.58421034799125,0.0987263943785683,10,3353.png,14,2,0.01507273444335145,"[528, 497, 653, 630]",0.010784320533275604
41.58421034799125,0.0987263943785683,14,3353.png,10,3,0.01507273444335145,"[528, 497, 653, 630]",0.010784320533275604
46.20687784349783,0.11690821256038647,11,3353.png,15,4,0.01597936508656056,"[347, 503, 472, 644]",0.002240896224975586
46.20687784349783,0.11690821256038647,15,3353.png,11,5,0.01597936508656056,"[347, 503, 472, 644]",0.002240888774394989
46.318339754115534,0.11207729468599034,9,3353.png,12,6,0.016210555900578884,"[433, 477, 553, 626]",0.011609092354774475
46.318339754115534,0.11207729468599034,12,3353.png,9,7,0.016210555900578884,"[433, 477, 553, 626]",0.011609092354774475
34.2959739224883,0.06676743116251561,15,3354.png,16,0,0.008393339132150256,"[370, 501, 482, 618]",0.01803329586982727
34.2959739224883,0.06676743116251561,16,3354.png,15,1,0.008393339132150256,"[370, 501, 482, 618]",0.018033280968666077
38.15103497615909,0.08437931261089571,14,3354.png,12,2,0.009287501329073466,"[444, 460, 560, 585]",0.01610644906759262
38.15103497615909,0.08437931261089571,12,3354.png,14,3,0.009287501329073466,"[444, 460, 560, 585]",0.016106441617012024
39.21541731398202,0.08030492212656896,10,3354.png,13,4,0.012365187114328501,"[635, 430, 770, 573]",0.011327743530273438
39.21541731398202,0.08030492212656896,13,3354.png,10,5,0.012365187114328501,"[635, 430, 770, 573]",0.011327728629112244
41.399704717420704,0.08017349017546166,11,3354.png,9,6,0.010881108453675865,"[533, 427, 657, 564]",0.0041666775941848755
41.399704717420704,0.08017349017546166,9,3354.png,11,7,0.010881108453675865,"[533, 427, 657, 564]",0.004166655242443085
30.48524051629334,0.0753646677471637,15,3366.png,16,0,0.0116925693442091,"[216, 487, 315, 582]",0.005991287529468536
30.48524051629334,0.0753646677471637,16,3366.png,15,1,0.0116925693442091,"[216, 487, 315, 582]",0.0059912800788879395
32.58510101963945,0.08824059067170899,13,3366.png,9,2,0.015575173710180927,"[440, 421, 548, 537]",0.007385618984699249
32.58510101963945,0.08824059067170899,9,3366.png,13,3,0.015575173710180927,"[440, 421, 548, 537]",0.007385604083538055
34.32019966347678,0.09427336574824419,12,3366.png,14,4,0.013784923858435993,"[284, 437, 383, 549]",0.015953652560710907
34.32019966347678,0.09427336574824419,14,3366.png,12,5,0.013784923858435993,"[284, 437, 383, 549]",0.01595364511013031
34.56204850186626,0.0864397622906537,8,3366.png,10,6,0.014254864444519039,"[360, 410, 458, 527]",0.0039215609431266785
34.56204850186626,0.0864397622906537,10,3366.png,8,7,0.014254864444519039,"[360, 410, 458, 527]",0.0039215609431266785
34.56037268690521,0.07038406827880513,16,3392.png,17,0,0.012166763492111233,"[132, 618, 254, 744]",0.015626855194568634
34.56037268690521,0.07038406827880513,17,3392.png,16,1,0.012166763492111233,"[132, 618, 254, 744]",0.015626855194568634
37.242919215554544,0.09536273115220484,14,3392.png,15,2,0.012649571567195012,"[213, 561, 335, 692]",0.028461821377277374
37.242919215554544,0.09536273115220484,15,3392.png,14,3,0.012649571567195012,"[213, 561, 335, 692]",0.028461821377277374
42.01966171900987,0.11027027027027027,13,3392.png,10,4,0.015506054096666092,"[294, 511, 431, 654]",0.021021880209445953
42.01966171900987,0.11027027027027027,10,3392.png,13,5,0.015506054096666092,"[294, 511, 431, 654]",0.021021872758865356
42.504713852197554,0.09155049786628734,12,3392.png,9,6,0.01640518520042867,"[393, 507, 534, 654]",0.019928358495235443
42.504713852197554,0.09155049786628734,9,3392.png,12,7,0.01640518520042867,"[393, 507, 534, 654]",0.019928351044654846
58.15975059171376,0.09263499729380907,13,3460.png,14,0,0.007422751201647974,"[667, 1038, 855, 1245]",0.019211679697036743
58.15975059171376,0.09263499729380907,14,3460.png,13,1,0.007422751201647974,"[667, 1038, 855, 1245]",0.019211649894714355
62.7664803739129,0.09475831633290312,9,3460.png,11,2,0.009997711146715495,"[952, 955, 1176, 1189]",0.016795635223388672
62.7664803739129,0.09475831633290312,11,3460.png,9,3,0.009997711146715495,"[952, 955, 1176, 1189]",0.016795575618743896
86.81610078943339,0.046629751446771305,7,3460.png,8,4,0.008844129091325247,"[382, 844, 589, 1068]",0.004170060157775879
86.81610078943339,0.046629751446771305,8,3460.png,7,5,0.008844129091325247,"[382, 844, 589, 1068]",0.004170030355453491
143.6716180881104,0.1792747408301761,15,3460.png,14,6,0.02669298847943847,"[487, 1029, 906, 1363]",0.04710707068443298
144.89048657640882,0.2500520421333111,10,3460.png,13,7,0.02894541084916457,"[609, 919, 1062, 1254]",0.04744076728820801
30.097042378749805,0.06534798534798535,15,3468.png,11,0,0.00871922979572453,"[311, 512, 411, 615]",0.010457530617713928
30.097042378749805,0.06534798534798535,11,3468.png,15,1,0.00871922979572453,"[311, 512, 411, 615]",0.010457515716552734
31.279480018997464,0.08007326007326007,13,3468.png,10,2,0.009503960477339738,"[399, 499, 502, 608]",0.008015155792236328
31.279480018997464,0.08007326007326007,10,3468.png,13,3,0.009503960477339738,"[399, 499, 502, 608]",0.008015140891075134
35.08532406460507,0.1106959706959707,12,3468.png,9,4,0.013866114956695904,"[471, 489, 601, 615]",0.015966415405273438
35.08532406460507,0.1106959706959707,9,3468.png,12,5,0.013866114956695904,"[471, 489, 601, 615]",0.015966370701789856
35.3399886173982,0.09663003663003664,14,3468.png,16,6,0.015311983353889835,"[553, 515, 689, 648]",0.005602255463600159
35.3399886173982,0.09663003663003664,16,3468.png,14,7,0.015311983353889835,"[553, 515, 689, 648]",0.005602240562438965
60.44251476508895,0.08061153578874218,17,3493.png,20,0,0.009436942092011902,"[681, 1037, 898, 1265]",0.021732032299041748
60.44251476508895,0.08061153578874218,20,3493.png,17,1,0.009436942092011902,"[681, 1037, 898, 1265]",0.021732032299041748
71.81398390002114,0.10284920083391244,16,3493.png,13,2,0.010628290226596475,"[822, 972, 1044, 1223]",0.014927387237548828
71.81398390002114,0.10284920083391244,13,3493.png,16,3,0.010628290226596475,"[822, 972, 1044, 1223]",0.01492735743522644
75.38138919076445,0.08967867897680268,15,3493.png,12,4,0.014581139848935684,"[1149, 939, 1428, 1213]",0.024967342615127563
75.38138919076445,0.08967867897680268,12,3493.png,15,5,0.014581139848935684,"[1149, 939, 1428, 1213]",0.024967312812805176
77.46617948913236,0.11012938879512889,14,3493.png,9,6,0.012791828793774319,"[970, 933, 1225, 1196]",0.032721489667892456
77.46617948913236,0.11012938879512889,9,3493.png,14,7,0.012791828793774319,"[970, 933, 1225, 1196]",0.03272134065628052
34.563508582875514,0.0683022023975467,17,3567.png,18,0,0.011873775334132718,"[226, 541, 331, 657]",0.00597149133682251
34.563508582875514,0.0683022023975467,18,3567.png,17,1,0.011873775334132718,"[226, 541, 331, 657]",0.00597149133682251
35.73044320212056,0.09367159185949261,14,3567.png,16,2,0.012963667027364276,"[301, 497, 410, 619]",0.008590102195739746
35.73044320212056,0.09367159185949261,16,3567.png,14,3,0.012963667027364276,"[301, 497, 410, 619]",0.008590102195739746
36.36708330915017,0.10175634234736548,10,3567.png,13,4,0.014257304126575615,"[373, 457, 490, 582]",0.010389640927314758
36.36708330915017,0.10175634234736548,13,3567.png,10,5,0.014257304126575615,"[373, 457, 490, 582]",0.01038961112499237
36.694194945160795,0.08377474212433789,11,3567.png,9,6,0.014505893019038985,"[473, 453, 593, 577]",0.011153563857078552
36.694194945160795,0.08377474212433789,9,3567.png,11,7,0.014505893019038985,"[473, 453, 593, 577]",0.011153548955917358
33.42247338401557,0.07898688557413154,14,3595.png,16,0,0.010658207771609833,"[199, 370, 295, 468]",0.00807654857635498
33.42247338401557,0.07898688557413154,16,3595.png,14,1,0.010658207771609833,"[199, 370, 295, 468]",0.008076518774032593
39.03853094939137,0.11422564821303434,9,3595.png,12,2,0.014909935425399343,"[337, 314, 444, 437]",0.008168071508407593
39.03853094939137,0.11422564821303434,12,3595.png,9,3,0.014909935425399343,"[337, 314, 444, 437]",0.008168071508407593
39.27892233571407,0.10501551706877565,13,3595.png,10,4,0.01615497904157698,"[418, 329, 533, 453]",0.00524371862411499
39.27892233571407,0.10501551706877565,10,3595.png,13,5,0.01615497904157698,"[418, 329, 533, 453]",0.005243703722953796
39.596656342604064,0.11162278506356993,11,3595.png,15,6,0.013211736716891355,"[266, 337, 364, 456]",0.007697492837905884
39.596656342604064,0.11162278506356993,15,3595.png,11,7,0.013211736716891355,"[266, 337, 364, 456]",0.00769747793674469
52.307141288075535,0.07055630936227951,16,3596.png,17,0,0.004030091063758774,"[709, 1087, 858, 1240]",0.006666660308837891
52.307141288075535,0.07055630936227951,17,3596.png,16,1,0.004030091063758774,"[709, 1087, 858, 1240]",0.006666660308837891
58.88374199296406,0.09877883310719132,8,3596.png,12,2,0.004877405467785435,"[1066, 919, 1221, 1097]",0.025222837924957275
58.88374199296406,0.09877883310719132,12,3596.png,8,3,0.004877405467785435,"[1066, 919, 1221, 1097]",0.025222808122634888
62.44765516396453,0.09253731343283582,15,3596.png,14,4,0.00522354392033795,"[801, 990, 967, 1168]",0.02025282382965088
62.44765516396453,0.09253731343283582,14,3596.png,15,5,0.00522354392033795,"[801, 990, 967, 1168]",0.020252764225006104
63.149503476215905,0.09620081411126187,13,3596.png,9,6,0.005293903013349135,"[920, 928, 1081, 1114]",0.0275515615940094
63.149503476215905,0.09620081411126187,9,3596.png,13,7,0.005293903013349135,"[920, 928, 1081, 1114]",0.027551472187042236
34.47443165223034,0.07270029673590504,17,3602.png,15,0,0.015693312064279805,"[149, 497, 268, 622]",0.013369008898735046
34.47443165223034,0.07270029673590504,15,3602.png,17,1,0.015693312064279805,"[149, 497, 268, 622]",0.013368964195251465
36.64162412322757,0.09572700296735905,12,3602.png,14,2,0.015297682348373592,"[235, 468, 351, 593]",0.009549275040626526
36.64162412322757,0.09572700296735905,14,3602.png,12,3,0.015297682348373592,"[235, 468, 351, 593]",0.009549275040626526
39.86773357231561,0.08735905044510386,10,3602.png,13,4,0.021573952161509764,"[414, 444, 557, 587]",0.011282935738563538
39.86773357231561,0.08735905044510386,13,3602.png,10,5,0.021573952161509764,"[414, 444, 557, 587]",0.01128290593624115
41.29999227464555,0.11364985163204748,9,3602.png,11,6,0.02097048496818082,"[312, 434, 451, 577]",0.00932350754737854
41.29999227464555,0.11364985163204748,11,3602.png,9,7,0.02097048496818082,"[312, 434, 451, 577]",0.00932350754737854
26.919707766033344,0.062271335772418425,16,3678.png,17,0,0.003931806032608905,"[550, 758, 646, 854]",0.0032843053340911865
26.919707766033344,0.062271335772418425,17,3678.png,16,1,0.003931806032608905,"[550, 758, 646, 854]",0.0032843053340911865
31.584380101540383,0.09071903233032182,15,3678.png,13,2,0.0045107405797280755,"[623, 722, 720, 831]",0.005624368786811829
31.584380101540383,0.09071903233032182,13,3678.png,15,3,0.0045107405797280755,"[623, 722, 720, 831]",0.005624353885650635
31.956509765440217,0.09004703949824536,10,3678.png,12,4,0.005890029740255917,"[780, 694, 897, 812]",0.008617132902145386
31.956509765440217,0.09004703949824536,12,3678.png,10,5,0.005890029740255917,"[780, 694, 897, 812]",0.008617132902145386
35.248390925037526,0.10535354289554245,9,3678.png,11,6,0.005785079188604247,"[694, 687, 807, 807]",0.0079365074634552
35.248390925037526,0.10535354289554245,11,3678.png,9,7,0.005785079188604247,"[694, 687, 807, 807]",0.007936492562294006
43.5700387796603,0.10834905660377359,13,3700.png,14,0,0.021157346128391794,"[109, 560, 264, 725]",-0.0007171332836151123
43.5700387796603,0.10834905660377359,14,3700.png,13,1,0.021157346128391794,"[109, 560, 264, 725]",-0.0007171630859375
89.42851697924874,0.2238679245283019,12,3700.png,13,2,0.06110274652547981,"[74, 487, 391, 720]",0.004145950078964233
98.35291167533934,0.0709433962264151,7,3700.png,6,3,0.038937789543348776,"[92, 267, 379, 431]",0.028586193919181824
98.35291167533934,0.0709433962264151,6,3700.png,7,4,0.038937789543348776,"[92, 267, 379, 431]",0.02858617901802063
100.84977951090569,0.3033490566037736,10,3700.png,12,5,0.08170665122435473,"[152, 445, 501, 728]",0.012058809399604797
101.35204668282665,0.06358490566037736,8,3700.png,6,6,0.03274238914626076,"[91, 277, 258, 514]",-0.0012343674898147583
105.86431973080951,0.057547169811320756,2,3700.png,5,7,0.03398577101257445,"[457, 148, 624, 394]",-0.007625281810760498
31.903505509267685,0.09007543262830942,15,3725.png,16,0,0.009800832246151671,"[279, 487, 375, 591]",0.007103517651557922
31.903505509267685,0.09007543262830942,16,3725.png,15,1,0.009800832246151671,"[279, 487, 375, 591]",0.007103517651557922
32.10776443917136,0.07986984173938766,17,3725.png,18,2,0.011544249520707497,"[201, 510, 306, 622]",0.0085621178150177
32.10776443917136,0.07986984173938766,18,3725.png,17,3,0.011544249520707497,"[201, 510, 306, 622]",0.008562102913856506
33.91741119793447,0.08874426859931962,12,3725.png,10,4,0.012423811388951878,"[433, 445, 545, 558]",0.003034546971321106
33.91741119793447,0.08874426859931962,10,3725.png,12,5,0.012423811388951878,"[433, 445, 545, 558]",0.003034532070159912
34.80129751500846,0.10834196124833605,11,3725.png,14,6,0.01253081166087,"[346, 447, 457, 562]",0.01027931272983551
34.80129751500846,0.10834196124833605,14,3725.png,11,7,0.01253081166087,"[346, 447, 457, 562]",0.010279282927513123
25.710331346893913,0.07865786578657866,15,3732.png,16,0,0.006633714880332987,"[266, 461, 334, 536]",0.023921549320220947
25.710331346893913,0.07865786578657866,16,3732.png,15,1,0.006633714880332987,"[266, 461, 334, 536]",0.023921430110931396
31.195193098696965,0.10918591859185918,11,3732.png,9,2,0.008662851196670136,"[371, 394, 445, 484]",0.022858619689941406
31.195193098696965,0.10918591859185918,9,3732.png,11,3,0.008662851196670136,"[371, 394, 445, 484]",0.02285856008529663
31.37485055007424,0.10849834983498349,10,3732.png,8,4,0.009812695109261187,"[440, 389, 522, 481]",0.018197476863861084
31.37485055007424,0.10849834983498349,8,3732.png,10,5,0.009812695109261187,"[440, 389, 522, 481]",0.018197357654571533
31.86372548416395,0.10574807480748075,14,3732.png,13,6,0.008913891779396462,"[311, 421, 388, 510]",0.013071835041046143
31.86372548416395,0.10574807480748075,13,3732.png,14,7,0.008913891779396462,"[311, 421, 388, 510]",0.013071775436401367
38.94649535924584,0.07882271541859599,16,3777.png,17,0,0.009688562352904983,"[322, 776, 461, 921]",0.021825432777404785
38.94649535924584,0.07882271541859599,17,3777.png,16,1,0.009688562352904983,"[322, 776, 461, 921]",0.021825432777404785
39.177856911322195,0.10639203789451275,15,3777.png,14,2,0.008955490778199942,"[421, 741, 556, 879]",0.03359103202819824
39.177856911322195,0.10639203789451275,14,3777.png,15,3,0.008955490778199942,"[421, 741, 556, 879]",0.03359091281890869
44.917819692802105,0.11251264037468732,13,3777.png,9,4,0.012140626682459351,"[510, 700, 664, 864]",0.05444693565368652
44.917819692802105,0.11251264037468732,9,3777.png,13,5,0.012140626682459351,"[510, 700, 664, 864]",0.0544467568397522
45.15288803013794,0.08164351482250252,12,3777.png,10,6,0.012528073036041164,"[627, 700, 784, 866]",0.03703707456588745
45.15288803013794,0.08164351482250252,10,3777.png,12,7,0.012528073036041164,"[627, 700, 784, 866]",0.037037014961242676
35.8149107034644,0.07503402903811253,14,3840.png,11,0,0.014166563847253281,"[291, 584, 412, 714]",0.010270804166793823
35.8149107034644,0.07503402903811253,11,3840.png,14,1,0.014166563847253281,"[291, 584, 412, 714]",0.01027078926563263
39.87103512530241,0.09772005444646098,13,3840.png,10,2,0.024064245772320893,"[479, 562, 646, 722]",0.004862785339355469
39.87103512530241,0.09772005444646098,10,3840.png,13,3,0.024064245772320893,"[479, 562, 646, 722]",0.004862740635871887
41.31050337973293,0.10463929219600726,9,3840.png,12,4,0.018415632393428805,"[382, 559, 524, 703]",0.007068634033203125
41.31050337973293,0.10463929219600726,12,3840.png,9,5,0.018415632393428805,"[382, 559, 524, 703]",0.007068604230880737
94.75159900546923,0.04106170598911071,8,3840.png,7,6,0.03551277467418254,"[56, 378, 242, 590]",-0.010806843638420105
94.75159900546923,0.04106170598911071,7,3840.png,8,7,0.03551277467418254,"[56, 378, 242, 590]",-0.010806858539581299
62.578892138897324,0.07800846603507357,18,4047.png,19,0,0.007436314363143632,"[1059, 1101, 1241, 1297]",0.0563812255859375
62.578892138897324,0.07800846603507357,19,4047.png,18,1,0.007436314363143632,"[1059, 1101, 1241, 1297]",0.05638107657432556
69.87937457340821,0.08788550695424309,13,4047.png,17,2,0.008654575776526997,"[918, 1015, 1112, 1229]",0.10050159692764282
69.87937457340821,0.08788550695424309,17,4047.png,13,3,0.008654575776526997,"[918, 1015, 1112, 1229]",0.10050159692764282
70.31267195915694,0.08869179600886919,9,4047.png,11,4,0.009893683552220138,"[572, 963, 782, 1189]",0.05788987874984741
70.31267195915694,0.08869179600886919,11,4047.png,9,5,0.009893683552220138,"[572, 963, 782, 1189]",0.05788981914520264
72.71840217345856,0.09917355371900827,10,4047.png,12,6,0.009375442985199083,"[757, 963, 956, 1189]",0.062184929847717285
72.71840217345856,0.09917355371900827,12,4047.png,10,7,0.009375442985199083,"[757, 963, 956, 1189]",0.06218487024307251
53.054512061357045,0.10359520639147803,16,4193.png,17,0,0.004265470004723665,"[658, 1611, 826, 1783]",0.043998777866363525
53.054512061357045,0.10359520639147803,17,4193.png,16,1,0.004265470004723665,"[658, 1611, 826, 1783]",0.043998777866363525
64.43195082515028,0.11121171770972037,5,4193.png,7,2,0.006691810344827586,"[887, 1367, 1094, 1586]",0.06078439950942993
64.43195082515028,0.11121171770972037,7,4193.png,5,3,0.006691810344827586,"[887, 1367, 1094, 1586]",0.060784339904785156
65.70702964875242,0.1347536617842876,6,4193.png,8,4,0.007142182333490789,"[748, 1401, 964, 1625]",0.056913137435913086
65.70702964875242,0.1347536617842876,8,4193.png,6,5,0.007142182333490789,"[748, 1401, 964, 1625]",0.05691295862197876
65.87002764966257,0.1718774966711052,15,4193.png,10,6,0.007360356636750118,"[675, 1502, 889, 1735]",0.04454505443572998
65.87002764966257,0.1718774966711052,10,4193.png,15,7,0.007360356636750118,"[675, 1502, 889, 1735]",0.04454493522644043
46.95678725124368,0.0745538284398388,16,5355.png,17,0,0.012898550724637681,"[270, 815, 443, 993]",0.06730467081069946
46.95678725124368,0.0745538284398388,17,5355.png,16,1,0.012898550724637681,"[270, 815, 443, 993]",0.06730467081069946
55.27820021345603,0.11048743043561697,13,5355.png,14,2,0.014480606517550473,"[380, 746, 561, 937]",0.04545450210571289
55.27820021345603,0.11048743043561697,14,5355.png,13,3,0.014480606517550473,"[380, 746, 561, 937]",0.04545450210571289
61.25754118660715,0.0814622913068509,9,5355.png,12,4,0.021740387031917566,"[660, 676, 879, 913]",0.06602191925048828
61.25754118660715,0.0814622913068509,12,5355.png,9,5,0.021740387031917566,"[660, 676, 879, 913]",0.0660218894481659
63.876233312349484,0.10957589714066399,11,5355.png,10,6,0.01785289436206752,"[497, 682, 699, 893]",0.0686022937297821
63.876233312349484,0.10957589714066399,10,5355.png,11,7,0.01785289436206752,"[497, 682, 699, 893]",0.06860226392745972
42.03270625431439,0.07569908671499859,16,5825.png,17,0,0.011281753721464683,"[307, 501, 421, 618]",0.013932883739471436
42.03270625431439,0.07569908671499859,17,5825.png,16,1,0.011281753721464683,"[307, 501, 421, 618]",0.013932853937149048
49.14195209252256,0.09227003107052066,10,5825.png,13,2,0.015698706632957304,"[563, 421, 691, 566]",0.028701961040496826
49.14195209252256,0.09227003107052066,13,5825.png,10,3,0.015698706632957304,"[563, 421, 691, 566]",0.028701871633529663
51.43545723577638,0.11279540532906505,15,5825.png,11,4,0.01589832380781603,"[377, 445, 504, 593]",0.023105621337890625
51.43545723577638,0.11279540532906505,11,5825.png,15,5,0.01589832380781603,"[377, 445, 504, 593]",0.023105591535568237
52.19845205531007,0.10846436305432633,9,5825.png,12,6,0.015556606271193466,"[464, 410, 585, 562]",0.031715720891952515
52.19845205531007,0.10846436305432633,12,5825.png,9,7,0.015556606271193466,"[464, 410, 585, 562]",0.03171569108963013
46.953025538406465,0.1199233048631689,9,5882.png,12,0,0.013965592879136377,"[400, 471, 509, 596]",0.034765005111694336
46.953025538406465,0.1199233048631689,12,5882.png,9,1,0.013965592879136377,"[400, 471, 509, 596]",0.03476494550704956
49.38985257962123,0.10946487711347394,14,5882.png,10,2,0.012299971710065067,"[208, 491, 304, 616]",0.03614449501037598
49.38985257962123,0.10946487711347394,10,5882.png,14,3,0.012299971710065067,"[208, 491, 304, 616]",0.0361444354057312
50.74011758051337,0.11573993376329092,8,5882.png,11,4,0.013905118018228559,"[300, 460, 402, 593]",0.058692872524261475
50.74011758051337,0.11573993376329092,11,5882.png,8,5,0.013905118018228559,"[300, 460, 402, 593]",0.0586928129196167
55.8059534241095,0.19400383475684155,17,5882.png,18,6,0.028191535159469133,"[221, 752, 412, 896]",0.016815185546875
55.8059534241095,0.19400383475684155,18,5882.png,17,7,0.028191535159469133,"[221, 752, 412, 896]",0.016815185546875
43.7400456154616,0.08783932906643126,16,6503.png,17,0,0.010438263532263724,"[477, 629, 596, 750]",0.038707345724105835
43.7400456154616,0.08783932906643126,17,6503.png,16,1,0.010438263532263724,"[477, 629, 596, 750]",0.03870731592178345
46.59969359913313,0.1112337232399029,9,6503.png,12,2,0.012584780534766181,"[766, 520, 890, 660]",0.03745719790458679
46.59969359913313,0.1112337232399029,12,6503.png,9,3,0.012584780534766181,"[766, 520, 890, 660]",0.037457168102264404
50.958273542438064,0.09490178768483779,11,6503.png,15,4,0.01239412400938349,"[557, 560, 680, 699]",0.04947713017463684
50.958273542438064,0.09490178768483779,15,6503.png,11,5,0.01239412400938349,"[557, 560, 680, 699]",0.04947710037231445
54.81032068248513,0.11608916354005738,13,6503.png,8,6,0.014475397333998335,"[643, 508, 771, 664]",0.04501727223396301
54.81032068248513,0.11608916354005738,8,6503.png,13,7,0.014475397333998335,"[643, 508, 771, 664]",0.045017242431640625
43.339796491489984,0.06311463378834581,18,6605.png,17,0,0.00898357903805916,"[342, 837, 485, 984]",0.05740740895271301
43.339796491489984,0.06311463378834581,17,6605.png,18,1,0.00898357903805916,"[342, 837, 485, 984]",0.057407379150390625
49.15695495134308,0.09291061206516953,15,6605.png,12,2,0.011419115736498776,"[439, 768, 599, 935]",0.06535246968269348
49.15695495134308,0.09291061206516953,12,6605.png,15,3,0.011419115736498776,"[439, 768, 599, 935]",0.0653524100780487
50.949189059517984,0.100200596898087,11,6605.png,9,4,0.013012321704525253,"[558, 731, 731, 907]",0.05862748622894287
50.949189059517984,0.100200596898087,9,6605.png,11,5,0.013012321704525253,"[558, 731, 731, 907]",0.05862736701965332
52.743959564246055,0.08513136650521062,10,6605.png,14,6,0.014152096467595694,"[694, 745, 873, 930]",0.05833333730697632
52.743959564246055,0.08513136650521062,14,6605.png,10,7,0.014152096467595694,"[694, 745, 873, 930]",0.05833333730697632
44.24297130698738,0.0953189536484626,16,6606.png,18,0,0.015021997530101883,"[435, 678, 615, 851]",0.02216389775276184
44.24297130698738,0.0953189536484626,18,6606.png,16,1,0.015021997530101883,"[435, 678, 615, 851]",0.022163867950439453
51.78579744356065,0.12400183570445159,15,6606.png,14,2,0.016857054646495832,"[535, 627, 717, 819]",0.024174600839614868
51.78579744356065,0.12400183570445159,14,6606.png,15,3,0.016857054646495832,"[535, 627, 717, 819]",0.024174511432647705
54.767655724692695,0.11087654887563102,10,6606.png,13,4,0.016589803951836988,"[637, 572, 818, 762]",0.04785463213920593
54.767655724692695,0.11087654887563102,13,6606.png,10,5,0.016589803951836988,"[637, 572, 818, 762]",0.04785463213920593
55.94197556883095,0.09242771913721891,11,6606.png,9,6,0.018335616702686013,"[775, 545, 966, 744]",0.04955434799194336
55.94197556883095,0.09242771913721891,9,6606.png,11,7,0.018335616702686013,"[775, 545, 966, 744]",0.04955431818962097
38.38263644497956,0.07430655695987785,17,6698.png,19,0,0.007614240038917227,"[279, 619, 387, 739]",0.04323062300682068
38.38263644497956,0.07430655695987785,19,6698.png,17,1,0.007614240038917227,"[279, 619, 387, 739]",0.04323062300682068
43.6301752819938,0.08999915175163288,14,6698.png,16,2,0.009658804493811667,"[359, 551, 479, 688]",0.022258520126342773
43.6301752819938,0.08999915175163288,16,6698.png,14,3,0.009658804493811667,"[359, 551, 479, 688]",0.022258520126342773
44.47854686524278,0.0977182118924421,13,6698.png,10,4,0.009819784568708528,"[452, 502, 574, 639]",0.025875389575958252
44.47854686524278,0.0977182118924421,10,6698.png,13,5,0.009819784568708528,"[452, 502, 574, 639]",0.025875359773635864
45.22380156836217,0.10484349817626601,12,6698.png,9,6,0.011494212355044492,"[562, 487, 696, 633]",0.030501127243041992
45.22380156836217,0.10484349817626601,9,6698.png,12,7,0.011494212355044492,"[562, 487, 696, 633]",0.030501097440719604
39.55945049176751,0.06685372697328291,16,6918.png,15,0,0.007808775814611493,"[443, 730, 568, 860]",0.029288530349731445
39.55945049176751,0.06685372697328291,15,6918.png,16,1,0.007808775814611493,"[443, 730, 568, 860]",0.029288500547409058
46.39140271611031,0.08655605709405881,10,6918.png,13,2,0.012912591687041565,"[765, 678, 924, 847]",0.02320265769958496
46.39140271611031,0.08655605709405881,13,6918.png,10,3,0.012912591687041565,"[765, 678, 924, 847]",0.023202627897262573
49.77923567716158,0.08106624374771258,11,6918.png,14,4,0.0105440097799511,"[536, 682, 674, 841]",0.03742361068725586
49.77923567716158,0.08106624374771258,14,6918.png,11,5,0.0105440097799511,"[536, 682, 674, 841]",0.037423551082611084
50.59582315640014,0.08808100524582164,9,6918.png,12,6,0.011443580753794345,"[646, 656, 793, 818]",0.03614377975463867
50.59582315640014,0.08808100524582164,12,6918.png,9,7,0.011443580753794345,"[646, 656, 793, 818]",0.03614377975463867
40.6146099499951,0.06253405169804467,18,6947.png,22,0,0.0126576636805277,"[269, 645, 405, 787]",0.04281049966812134
40.6146099499951,0.06253405169804467,22,6947.png,18,1,0.0126576636805277,"[269, 645, 405, 787]",0.04281044006347656
49.20158363620936,0.09007809189418246,14,6947.png,17,2,0.0146816314438598,"[362, 578, 502, 738]",0.05790990591049194
49.20158363620936,0.09007809189418246,17,6947.png,14,3,0.0146816314438598,"[362, 578, 502, 738]",0.05790990591049194
49.2761844175837,0.08571947454446395,15,6947.png,12,4,0.01761205886285521,"[588, 550, 747, 719]",0.08009010553359985
49.2761844175837,0.08571947454446395,12,6947.png,15,5,0.01761205886285521,"[588, 550, 747, 719]",0.08008992671966553
50.347460738197135,0.08838307403595859,13,6947.png,11,6,0.015871236848797547,"[476, 538, 621, 705]",0.09254902601242065
50.347460738197135,0.08838307403595859,11,6947.png,13,7,0.015871236848797547,"[476, 538, 621, 705]",0.09254896640777588
37.25010475978593,0.08783832035992287,22,7253.png,21,0,0.007205764611689352,"[622, 840, 748, 939]",0.00964576005935669
37.25010475978593,0.08783832035992287,21,7253.png,22,1,0.007205764611689352,"[622, 840, 748, 939]",0.009645640850067139
39.51556016935415,0.07169892165964437,17,7253.png,16,2,0.00924029266703406,"[367, 544, 491, 673]",0.03277313709259033
39.51556016935415,0.07169892165964437,16,7253.png,17,3,0.00924029266703406,"[367, 544, 491, 673]",0.032773107290267944
46.24941878311724,0.09712204527601229,10,7253.png,13,4,0.012810248198558846,"[680, 450, 824, 604]",0.05119827389717102
46.24941878311724,0.09712204527601229,13,7253.png,10,5,0.012810248198558846,"[680, 450, 824, 604]",0.051198214292526245
48.15755461188505,0.08648146825680211,12,7253.png,15,6,0.010832908751243419,"[457, 486, 590, 627]",0.05577343702316284
48.15755461188505,0.08648146825680211,15,7253.png,12,7,0.010832908751243419,"[457, 486, 590, 627]",0.05577334761619568
40.98945168486557,0.07488579193893483,16,7259.png,17,0,0.0070690227546500485,"[569, 798, 706, 934]",0.033905237913131714
40.98945168486557,0.07488579193893483,17,7259.png,16,1,0.0070690227546500485,"[569, 798, 706, 934]",0.033905237913131714
49.26717291944278,0.08234545769964725,8,7259.png,11,2,0.009560936744159577,"[873, 669, 1023, 837]",0.03020593523979187
49.26717291944278,0.08234545769964725,11,7259.png,8,3,0.009560936744159577,"[873, 669, 1023, 837]",0.03020593523979187
49.82791708093416,0.10478228184814666,13,7259.png,14,4,0.009820827286609947,"[641, 725, 796, 892]",0.04567435383796692
49.82791708093416,0.10478228184814666,14,7259.png,13,5,0.009820827286609947,"[641, 725, 796, 892]",0.04567432403564453
54.089976742280356,0.10281616839183484,12,7259.png,10,6,0.010790200039837236,"[737, 671, 895, 851]",0.02778548002243042
54.089976742280356,0.10281616839183484,10,7259.png,12,7,0.010790200039837236,"[737, 671, 895, 851]",0.027785450220108032
48.12676046936957,0.0699281370923162,16,7269.png,23,0,0.013617557184082332,"[288, 648, 429, 798]",0.059302836656570435
48.12676046936957,0.0699281370923162,23,7269.png,16,1,0.013617557184082332,"[288, 648, 429, 798]",0.05930274724960327
52.7941235679316,0.09694582642343837,14,7269.png,15,2,0.014185438292184488,"[387, 579, 531, 732]",0.02321082353591919
52.7941235679316,0.09694582642343837,15,7269.png,14,3,0.014185438292184488,"[387, 579, 531, 732]",0.023210763931274414
54.37961199470296,0.09874239911553344,12,7269.png,8,4,0.016566418266971084,"[606, 502, 761, 668]",0.0254671573638916
54.37961199470296,0.09874239911553344,8,7269.png,12,5,0.016566418266971084,"[606, 502, 761, 668]",0.025467127561569214
55.313691174868495,0.09908789386401327,11,7269.png,13,6,0.01540425794936973,"[489, 525, 634, 690]",0.03737378120422363
55.313691174868495,0.09908789386401327,13,7269.png,11,7,0.01540425794936973,"[489, 525, 634, 690]",0.03737372159957886
32.57232757048233,0.07575645483465265,21,7312.png,23,0,0.006834650856389987,"[657, 724, 765, 807]",0.025098055601119995
32.57232757048233,0.07575645483465265,23,7312.png,21,1,0.006834650856389987,"[657, 724, 765, 807]",0.025098055601119995
34.99818693664329,0.07767995857068877,17,7312.png,19,2,0.010790269848240863,"[356, 542, 478, 658]",0.008615612983703613
34.99818693664329,0.07767995857068877,19,7312.png,17,3,0.010790269848240863,"[356, 542, 478, 658]",0.008615612983703613
40.784101623104014,0.1003181179255752,9,7312.png,11,4,0.013994107744107745,"[618, 387, 751, 525]",0.016993463039398193
40.784101623104014,0.1003181179255752,11,7312.png,9,5,0.013994107744107745,"[618, 387, 751, 525]",0.016993463039398193
44.419819666640784,0.108234075608493,10,7312.png,12,6,0.014471404869955594,"[501, 404, 631, 550]",0.023494362831115723
44.419819666640784,0.108234075608493,12,7312.png,10,7,0.014471404869955594,"[501, 404, 631, 550]",0.023494362831115723
38.32581863330965,0.07184680030309293,15,7654.png,17,0,0.01036023144579952,"[289, 505, 406, 630]",-0.006956130266189575
38.32581863330965,0.07184680030309293,17,7654.png,15,1,0.01036023144579952,"[289, 505, 406, 630]",-0.006956130266189575
43.567503152028124,0.08948129778879933,11,7654.png,14,2,0.013238427710024028,"[372, 462, 500, 608]",0.0512617826461792
43.567503152028124,0.08948129778879933,14,7654.png,11,3,0.013238427710024028,"[372, 462, 500, 608]",0.05126175284385681
44.73540773787223,0.09478542398567197,10,7654.png,13,4,0.015591705580994696,"[569, 455, 711, 610]",0.011764705181121826
44.73540773787223,0.09478542398567197,13,7654.png,10,5,0.015591705580994696,"[569, 455, 711, 610]",0.011764705181121826
44.78210685009268,0.08955018254460288,23,7654.png,24,6,0.007888652128575962,"[514, 776, 630, 872]",0.05063033103942871
44.78210685009268,0.08955018254460288,24,7654.png,23,7,0.007888652128575962,"[514, 776, 630, 872]",0.050630271434783936
36.620655069190704,0.05958953432549208,21,8253.png,23,0,0.008600326954578439,"[395, 614, 524, 735]",0.034733861684799194
36.620655069190704,0.05958953432549208,23,8253.png,21,1,0.008600326954578439,"[395, 614, 524, 735]",0.034733861684799194
43.34096098505867,0.0765122419587134,19,8253.png,20,2,0.010405905238270766,"[484, 542, 617, 684]",0.04098585247993469
43.34096098505867,0.0765122419587134,20,8253.png,19,3,0.010405905238270766,"[484, 542, 617, 684]",0.04098585247993469
43.39592328050445,0.08773403744599136,17,8253.png,9,4,0.012807098451676675,"[709, 497, 865, 646]",0.07004362344741821
43.39592328050445,0.08773403744599136,9,8253.png,17,5,0.012807098451676675,"[709, 497, 865, 646]",0.07004359364509583
46.57348431889679,0.0871339414306289,16,8253.png,8,6,0.011000969182850477,"[592, 492, 726, 641]",0.022019922733306885
46.57348431889679,0.0871339414306289,8,8253.png,16,7,0.011000969182850477,"[592, 492, 726, 641]",0.02201986312866211
