image,rank,pair_a,pair_b,peak_a_y,peak_a_x,peak_b_y,peak_b_x,peak_min,neck_score,saddle_score,gray_valley_score,two_side_support,basin_balance,score,roi_xyxy,component_id,seam_gt_fg_fraction,seam_gt_gap_fraction,seam_gt_interinstance_fraction,seam_destructive_fg_fraction,roi_gt_gap_coverage
10004.png,1,4,6,1258,715,1287,607,31.25699921617557,0.5386026369065333,0.5386026369065333,0.08359955968389592,0.15353313998405413,0.02357242507336316,0.3670914430625021,"[579, 1250, 648, 1314]",19,1.0,0.0,0.0,1.0,0.0
10004.png,2,2,4,1159,583,1258,715,38.01315561749642,0.3832956925528511,0.38329569255285106,0.054319814009670966,0.1622175190916955,0.02631452350026459,0.26788999689788273,"[547, 1132, 621, 1221]",19,1.0,0.0,0.0,1.0,0.0
10004.png,3,4,5,1258,715,1186,778,32.449961479175904,0.14117637103200387,0.1411763710320038,0.03245651945200263,0.04073930722440613,0.001659691153124549,0.09893084856586387,"[757, 1167, 796, 1208]",19,1.0,0.0,0.0,1.0,0.0
10004.png,4,1,4,1230,666,1258,715,38.01315561749642,0.0,0.0,0.09650935975704468,0.015509189202798304,0.0002405349497281955,0.026453718319680915,"[649, 1210, 683, 1247]",19,1.0,0.0,0.0,1.0,0.0
10004.png,5,3,4,1176,665,1258,715,38.01315561749642,0.013612554133248467,0.013612554133248491,0.05389527538032574,0.012013366299123543,0.0001443209698369173,0.023443356269899053,"[648, 1158, 682, 1194]",19,1.0,0.0,0.0,1.0,0.0
10055.png,1,1,2,1205,818,1294,758,34.539832078341085,0.2483873521370511,0.24838735213705104,0.07728901751236045,0.11953953892988327,0.014289701367569076,0.18628559649980325,"[738, 1271, 800, 1314]",20,1.0,0.0,0.0,1.0,0.0
10055.png,2,1,2,1171,926,1168,1006,23.53720459187964,0.15915310594989196,0.15915310594989196,0.0,0.05034630684813054,0.002534750613246116,0.10304380959715476,"[993, 1151, 1020, 1182]",19,1.0,0.0,0.0,1.0,0.0
10144.png,1,1,2,1278,795,1264,721,30.0,0.7060521509370176,0.7060521509370176,0.04379049841979284,0.5786680919778457,0.3348567606732806,0.5213791289638356,"[749, 1232, 829, 1332]",20,1.0,0.0,0.0,1.0,0.07591623036649214
10144.png,2,1,2,1440,702,1437,642,17.0,0.6685976819254396,0.6685976819254396,0.0,0.6297963727603061,0.39664347114203846,0.4956280650693097,"[621, 1413, 739, 1458]",24,0.8665458937198067,0.0,0.0,0.8665458937198067,0.0
10144.png,3,1,2,1375,860,1392,800,42.15447781671598,0.06003807518321358,0.060038075183213545,0.0,0.043835816528251415,0.0019215788106985198,0.04259821758916585,"[837, 1356, 886, 1396]",22,1.0,0.0,0.0,1.0,0.0
10474.png,1,1,2,1667,404,1659,328,29.698484809834994,0.07786842514008985,0.07786842514008982,0.06391605709995327,0.018371058252118568,0.0003374957813027337,0.06545572809686,"[315, 1645, 343, 1673]",19,1.0,0.0,0.0,1.0,0.0
10474.png,2,4,6,1609,642,1438,696,47.50789408087881,0.0661434837615229,0.06614348376152294,0.0,0.019050499159383845,0.0003629215182216846,0.042543665130821334,"[673, 1414, 721, 1464]",18,1.0,0.0,0.0,1.0,0.0
10474.png,3,4,5,1609,642,1600,591,48.91829923454004,0.05238135905108843,0.05238135905108847,0.0,0.007099701854280813,5.040576641967841e-05,0.03249377070879519,"[570, 1579, 613, 1622]",18,1.0,0.0,0.0,1.0,0.0
10474.png,4,3,4,1552,461,1609,642,49.33558553417604,0.02845922610056184,0.02845922610056183,0.0,0.01680096104245823,0.0002822722919501991,0.019595679816705836,"[439, 1527, 485, 1574]",18,1.0,0.0,0.0,1.0,0.0
10474.png,5,1,4,1420,502,1609,642,49.33558553417604,0.0,0.0,0.02320979198048135,0.011880073483573221,0.00014113614597509956,0.007584459017656321,"[481, 1398, 526, 1443]",18,1.0,0.0,0.0,1.0,0.0
10474.png,6,2,4,1514,581,1609,642,49.33558553417604,0.0,0.0,0.0,0.009525249579691922,9.073037955542114e-05,0.0014287874369537884,"[560, 1493, 604, 1536]",18,1.0,0.0,0.0,1.0,0.0
10526.png,1,1,4,1148,623,1133,470,33.52610922848042,0.2241199454360081,0.22411994543600808,0.0,0.036886067774845384,0.001360581995890487,0.14000487742783166,"[454, 1117, 496, 1152]",20,1.0,0.0,0.0,1.0,0.0
10526.png,2,1,2,1148,623,1177,532,37.8549864614954,0.1290426094343311,0.1290426094343311,0.01716991856058351,0.04149159830006655,0.0017215527294940857,0.08794178504575452,"[513, 1158, 553, 1200]",20,1.0,0.0,0.0,1.0,0.0
10526.png,3,1,5,1148,623,1085,518,26.0,0.09886969381236643,0.09886969381236646,0.0,0.010538876507098682,0.0001110679180318765,0.06090264776348467,"[506, 1073, 532, 1100]",20,1.0,0.0,0.0,1.0,0.0
10526.png,4,1,3,1148,623,1218,612,34.655446902326915,0.08372529668939899,0.08372529668939895,0.0,0.021077753014197363,0.000444271672127506,0.05339684096576899,"[592, 1201, 629, 1234]",20,1.0,0.0,0.0,1.0,0.0
10621.png,1,1,2,945,748,925,713,18.681541692269406,0.1613301953487256,0.16133019534872567,0.04096198671892806,0.0441855446775722,0.001952362358453729,0.11366644559060324,"[702, 913, 724, 936]",21,1.0,0.0,0.0,1.0,0.0
10685.png,1,1,2,982,562,958,470,22.561028345356956,0.9258763397660438,0.9258763397660437,0.11512494537456987,0.6996034941066744,0.48944504896626767,0.6892475643192699,"[432, 960, 497, 991]",24,0.7283018867924528,0.07924528301886792,0.17735849056603772,0.5849056603773585,0.6323529411764706
10685.png,2,1,2,881,494,872,435,26.076809620810597,0.016798042862174567,0.016798042862174543,0.0,0.1285355972711001,0.01652139976583843,0.029359165307969746,"[478, 862, 510, 908]",20,1.0,0.0,0.0,1.0,0.0
10693.png,1,1,2,841,566,835,524,8.0,0.6801683825073892,0.6801683825073892,0.0,0.7708556385066915,0.5942184154175589,0.5237293752804372,"[500, 825, 587, 857]",21,0.8588907014681892,0.0,0.0,0.8588907014681892,0.0
10693.png,2,1,2,961,484,959,516,25.0,0.26199192090287726,0.26199192090287726,0.0,0.16362113384378835,0.026771875440326897,0.18173832261829462,"[442, 944, 543, 973]",24,1.0,0.0,0.0,1.0,0.0
10693.png,3,1,2,863,462,850,404,22.20360331117452,0.12846819413360178,0.12846819413360175,0.14720519472843147,0.03861608354997233,0.0014912019087384432,0.11967462769476477,"[390, 838, 417, 863]",20,1.0,0.0,0.0,1.0,0.0
10693.png,4,1,3,961,484,963,456,24.041630560342615,0.09418606783797345,0.09418606783797344,0.07449812916983267,0.02374064932394798,0.0005636184303226716,0.07869727039383444,"[445, 952, 469, 976]",24,1.0,0.0,0.0,1.0,0.0
10727.png,1,2,3,1198,826,1205,882,26.68332812825267,0.14454305565464964,0.14454305565464967,0.051036530881081246,0.07407457710160817,0.005487042972782094,0.11059615267830133,"[851, 1190, 905, 1219]",20,1.0,0.0,0.0,1.0,0.0
10727.png,2,1,2,1086,779,1198,826,27.0,0.05767360696603985,0.05767360696603984,0.0,0.20664255685370544,0.04270114630303689,0.06560054770767973,"[753, 1065, 837, 1110]",20,0.9929660023446659,0.007033997655334115,0.0492379835873388,0.9507620164126612,0.08037825059101655
10779.png,1,1,3,1053,581,1031,638,22.561028345356956,0.9148714283471364,0.9148714283471365,0.22115358994768863,0.6920255118008426,0.47889930898321814,0.7080150812653303,"[484, 1013, 622, 1094]",20,0.7737642585551331,0.08745247148288973,0.0,0.7737642585551331,0.7168949771689498
10779.png,2,1,2,1053,581,1041,529,31.016124838541646,0.27128461416856753,0.2712846141685675,0.08129270541664274,0.22547525763709708,0.0508390918065153,0.21691523350086572,"[489, 1020, 586, 1058]",20,1.0,0.0,0.05680473372781065,0.9431952662721893,0.0410958904109589
10779.png,3,3,4,1031,638,1042,681,20.518284528683193,0.11811017029737825,0.11811017029737826,0.07426412611774807,0.032103928115789784,0.001030662200463798,0.09424772292523244,"[671, 1032, 693, 1054]",20,1.0,0.0,0.0,1.0,0.0
10833.png,1,1,2,1257,601,1250,543,37.48332962798263,0.14048930584044161,0.14048930584044161,0.11510568560146592,0.04773233850533692,0.0022783761391880694,0.12022985568043199,"[527, 1233, 567, 1271]",19,1.0,0.0,0.0,1.0,0.0
11013.png,1,1,2,1077,784,1069,745,22.02271554554524,0.23391865382534993,0.23391865382534996,0.12917089015974664,0.11660134799978955,0.013595874355368026,0.19013411703511507,"[727, 1056, 767, 1083]",22,1.0,0.0,0.0,1.0,0.0
11152.png,1,1,4,1098,583,1111,685,41.0,0.3759309651280016,0.3759309651280016,0.0,0.14011454500436019,0.019632085721778877,0.246575760827455,"[624, 1056, 712, 1142]",12,0.4826689774696707,0.011265164644714038,0.004332755632582322,0.48180242634315423,0.08582089552238806
11152.png,2,1,3,1098,583,1212,585,48.662100242385755,0.25890211527534823,0.25890211527534823,0.0,0.0833661094735715,0.006949908208759507,0.16784618558624465,"[547, 1177, 611, 1239]",12,1.0,0.0,0.102880658436214,0.897119341563786,0.055970149253731345
11152.png,3,1,2,1098,583,1083,495,51.0,0.07757142364188663,0.07757142364188663,0.0,0.022069335327550253,0.00048705556179985763,0.04985325448426451,"[471, 1060, 520, 1109]",12,0.14150943396226415,0.0,0.0,0.14150943396226415,0.16417910447761194
11201.png,1,1,2,1108,369,1116,402,8.94427190999916,0.6053297872304908,0.6053297872304908,0.01913156804797998,0.29151764583759165,0.08498253783469151,0.4117084112259282,"[359, 1098, 393, 1118]",26,0.92018779342723,0.0,0.0,0.92018779342723,0.0
11201.png,2,1,2,982,600,970,559,20.591260281974,0.18792078532318424,0.18792078532318426,0.04384891302758218,0.14718275532834055,0.021662763466042154,0.14579211275005718,"[584, 964, 614, 997]",21,1.0,0.0,0.0,1.0,0.0
11201.png,3,1,2,978,497,976,440,27.459060435491963,0.0,0.0,0.0,0.04054646448892323,0.0016440157825515125,0.006081969673338484,"[484, 962, 512, 996]",20,1.0,0.0,0.0,1.0,0.0
11283.png,1,1,2,1184,544,1180,502,14.560219778561036,0.5539718562588902,0.5539718562588903,0.0,0.32329730481693775,0.10452114730189596,0.3808777094778748,"[484, 1162, 570, 1196]",24,1.0,0.0,0.0,1.0,0.0
11283.png,2,3,4,1120,607,1034,572,18.0,0.13077750391822252,0.13077750391822254,0.0,0.017012191477069345,0.0002894146588524709,0.08101833107249393,"[563, 1025, 583, 1045]",19,1.0,0.0,0.0,1.0,0.0
11283.png,3,2,3,1075,694,1120,607,26.419689627245813,0.08548208102076926,0.08548208102076929,0.0,0.05032274103185477,0.0025323782649591202,0.05883765976723978,"[680, 1061, 713, 1094]",19,1.0,0.0,0.0,1.0,0.0
11283.png,4,1,3,1053,633,1120,607,26.419689627245813,0.0,0.0,0.0,0.10417797131336191,0.010853049706967658,0.015626695697004287,"[617, 1032, 666, 1070]",19,1.0,0.0,0.0,1.0,0.0
11285.png,1,1,2,983,604,984,568,18.0,0.147500371901242,0.14750037190124202,0.07464921740606002,0.11345054894280689,0.01287102705542422,0.12418010983368125,"[583, 974, 619, 995]",26,1.0,0.0,0.0,1.0,0.0
11382.png,1,1,2,1120,472,1210,431,30.479501308256342,0.37789938450035054,0.3778993845003505,0.08135464061017333,0.5714704526756084,0.3265784782812647,0.3327988587540949,"[436, 1043, 505, 1177]",20,1.0,0.0,0.0,1.0,0.0
11488.png,1,1,2,1094,634,1115,721,21.213203435596427,0.7491252380884149,0.7491252380884149,0.04003118627539897,0.382583100613747,0.14636982887522845,0.5168704045139607,"[601, 1066, 657, 1115]",25,0.9646596858638743,0.0,0.0,0.9646596858638743,0.0
11662.png,1,1,2,1096,702,1110,739,15.620499351813308,0.15993107630957648,0.15993107630957648,0.005644740134627994,0.035821055117553645,0.0012831479897348161,0.10274298908703593,"[730, 1101, 748, 1119]",20,1.0,0.0,0.0,1.0,0.0
11666.png,1,1,2,849,403,836,346,23.0,0.0,0.0,0.05472813180699112,0.17436758263464527,0.030404053873849847,0.03983717034694457,"[387, 833, 422, 879]",20,1.0,0.0,0.0,1.0,0.0
11666.png,2,1,2,832,500,822,458,9.0,0.0,0.0,0.0,0.18848790597835316,0.035527690700104496,0.028273185896752973,"[488, 822, 515, 842]",21,1.0,0.0,0.0,1.0,0.0
11784.png,1,1,2,1343,672,1274,643,27.018512172212592,0.34286825465056947,0.3428682546505695,0.0,0.2079447455297971,0.04324101719345207,0.23691266461981125,"[604, 1326, 690, 1360]",23,1.0,0.0,0.0,1.0,0.0
11784.png,2,1,2,1212,573,1312,560,27.459060435491963,0.0,0.0,0.12273278786399251,0.040282672099733914,0.0016226936714946812,0.036725597780958213,"[557, 1196, 590, 1227]",19,1.0,0.0,0.0,1.0,0.0
11917.png,1,1,2,1093,781,1080,738,21.587033144922902,0.34100676935539964,0.3410067693553996,0.0,0.1886113190979713,0.03557422969187675,0.23289575947793545,"[715, 1064, 759, 1096]",21,1.0,0.0,0.0,1.0,0.0
12257.png,1,1,3,1087,773,1077,714,18.384776310850235,0.6828003219414183,0.6828003219414183,0.09179018084451526,0.2520560102151148,0.06353223228556207,0.47043613990824695,"[689, 1060, 733, 1101]",19,0.9116022099447514,0.0,0.0,0.9116022099447514,0.0
12257.png,2,1,2,1087,773,1139,736,27.51363298439521,0.4765731631352441,0.4765731631352441,0.054336800874636396,0.25258387678327454,0.0637986148108684,0.3374156796172967,"[714, 1110, 775, 1155]",19,1.0,0.0,0.0,1.0,0.0
12278.png,1,1,2,1219,837,1173,768,29.68164415931166,0.0,0.0,0.0,0.10023534145911357,0.010047123677425092,0.015035301218867035,"[819, 1202, 855, 1242]",19,1.0,0.0,0.0,1.0,0.0
12445.png,1,1,2,971,542,1034,518,27.459060435491963,0.6017253521422024,0.6017253521422024,0.14798301595395857,0.43755896141037903,0.19145784471052957,0.4636648094853679,"[491, 930, 578, 1018]",22,0.9938461538461538,0.0041025641025641026,0.010256410256410256,0.9866666666666667,0.10438413361169102
12445.png,2,1,2,1082,580,1120,624,25.632011235952593,0.2756658420169308,0.27566584201693073,0.10906024645752416,0.15817406937678918,0.025019036223213314,0.21639067723105784,"[573, 1100, 645, 1134]",24,1.0,0.0,0.0,1.0,0.0
12446.png,1,3,5,1134,659,1019,536,25.0,0.09522164528401034,0.09522164528401035,0.0454165699858638,0.007799538514958701,6.083280104632418e-05,0.06965706044411596,"[524, 1007, 549, 1033]",21,1.0,0.0,0.0,1.0,0.0
12446.png,2,3,4,1134,659,1072,502,30.610455730027933,0.07161083327622997,0.07161083327622994,0.07450302448476082,0.009552444795416839,9.124920156948626e-05,0.0630251228062407,"[487, 1058, 517, 1088]",21,1.0,0.0,0.0,1.0,0.0
12446.png,3,1,2,1170,446,1169,497,13.0,0.05800318210017663,0.058003182100176624,0.013904745244407737,0.09611386626644254,0.009237875288683603,0.05269517551117429,"[434, 1158, 458, 1179]",23,1.0,0.0,0.0,1.0,0.0
12446.png,4,1,3,1059,620,1134,659,34.0,0.0,0.0,0.08637119960553245,0.0477622239770842,0.0022812300392371565,0.028757133497945744,"[603, 1027, 641, 1078]",21,1.0,0.0,0.0,1.0,0.027855153203342618
12446.png,5,2,3,1108,581,1134,659,34.0,0.00025353446366382926,0.00025353446366380313,0.0,0.012332153202738378,0.00015208200261581045,0.002001943658609046,"[565, 1092, 597, 1125]",21,1.0,0.0,0.0,1.0,0.0
12449.png,1,5,6,1342,745,1377,836,31.622776601683793,0.0,0.0,0.0709662545435721,0.019911141174051874,0.0003964535428530239,0.020728234812000805,"[727, 1327, 761, 1360]",19,1.0,0.0,0.0,1.0,0.0
12449.png,2,4,6,1211,691,1377,836,31.622776601683793,0.0,0.0,0.06250716693287778,0.02475279640492694,0.0006127009298637641,0.019339711193958484,"[674, 1195, 708, 1232]",19,1.0,0.0,0.0,1.0,0.0
12449.png,3,1,6,1283,777,1377,836,31.622776601683793,0.0,0.0,0.050118267560076576,0.018984528218646022,0.00036041231168456716,0.015377246122816048,"[762, 1266, 794, 1300]",19,1.0,0.0,0.0,1.0,0.0
12449.png,4,2,6,1295,667,1377,836,31.622776601683793,0.0,0.0,0.029658310737743377,0.012006869894932104,0.00014416492467382686,0.00921560816867566,"[653, 1281, 683, 1313]",19,1.0,0.0,0.0,1.0,0.0
12449.png,5,3,6,1244,882,1377,836,31.622776601683793,0.0,0.0,0.020106764350645033,0.019911141174051874,0.0003964535428530239,0.00801336226376904,"[864, 1228, 898, 1263]",19,1.0,0.0,0.0,1.0,0.0
12482.png,1,1,2,946,750,985,757,33.37663853655727,0.26598772940742765,0.26598772940742765,0.009826117059185823,0.2762624464791369,0.07632093933463796,0.20348853388112356,"[734, 928, 777, 1020]",20,1.0,0.0,0.0,1.0,0.0
12482.png,2,1,2,1107,819,1106,767,24.186773244895647,0.10338626602618639,0.10338626602618643,0.06326417329404492,0.10617537166910045,0.011273209549071617,0.09377410868958815,"[784, 1095, 832, 1121]",27,1.0,0.0,0.0,1.0,0.0
12486.png,1,1,2,866,457,847,422,18.601075237738275,0.3337384537720077,0.3337384537720078,0.07282906956465775,0.1212872014082925,0.014710585225455708,0.23664341986561296,"[411, 831, 438, 861]",20,1.0,0.0,0.0,1.0,0.0
12486.png,2,1,2,869,364,836,301,27.0,0.15361448563123703,0.15361448563123706,0.014632933230513531,0.07962206356494206,0.006339673006339673,0.10777023422111191,"[284, 822, 317, 857]",19,1.0,0.0,0.0,1.0,0.0
12522.png,1,3,4,1070,439,1117,534,28.160255680657446,0.0,0.0,0.08791147749458872,0.051778950589337604,0.002681059724133065,0.02974471196204782,"[422, 1052, 457, 1090]",19,1.0,0.0,0.0,1.0,0.0
12522.png,2,1,4,962,486,1117,534,28.160255680657446,0.0,0.0,0.0021134480268161213,0.11923368634002687,0.014216671958231912,0.01841341495770806,"[466, 933, 505, 1019]",19,1.0,0.0,0.0,1.0,0.0
12522.png,3,2,4,941,407,1117,534,28.160255680657446,0.0,0.0,0.0012113398820917318,0.015714315493629005,0.00024693971143330864,0.0026599822945672837,"[392, 927, 422, 956]",19,1.0,0.0,0.0,1.0,0.0
12566.png,1,3,4,1509,847,1502,806,36.0,0.6139562804671146,0.6139562804671146,0.0,0.3073135203956115,0.09444159981794391,0.4144707963396105,"[673, 1416, 839, 1524]",20,0.9993556701030928,0.0006443298969072165,0.039304123711340205,0.9606958762886598,0.23766816143497757
12566.png,2,3,6,1509,847,1335,672,33.0,0.5462562131861948,0.5462562131861948,0.0,0.2262185464207637,0.05117483074472322,0.3616865098748314,"[610, 1301, 710, 1393]",20,1.0,0.0,0.0,1.0,0.0
12566.png,3,4,5,1502,806,1455,724,35.35533905932738,0.3294799530559799,0.3294799530559799,0.07850081498551584,0.291444264030268,0.08493975903614458,0.2610298151845071,"[689, 1434, 744, 1480]",20,1.0,0.0,0.0,1.0,0.0
12566.png,4,1,3,1367,769,1509,847,36.49657518178932,0.08409973120320091,0.08409973120320097,0.0,0.10812684642225245,0.011691414917221369,0.06667886568525842,"[741, 1324, 794, 1404]",20,1.0,0.0,0.0,1.0,0.0
12566.png,5,2,3,1423,824,1509,847,36.49657518178932,0.059597830257417495,0.059597830257417474,0.0,0.05306769483909278,0.0028161802355350742,0.0437188523803144,"[803, 1401, 850, 1448]",20,1.0,0.0,0.0,1.0,0.0
12566.png,6,1,2,1504,601,1521,664,14.317821063276353,0.0,0.0,0.03837225907374934,0.041036254447288284,0.0016839741790625876,0.015748502935530578,"[592, 1494, 610, 1514]",23,1.0,0.0,0.0,1.0,0.0
12584.png,1,1,2,1019,585,1012,521,34.713109915419565,0.7450448888370147,0.7450448888370146,0.15414891940624575,0.868225460140432,0.7538154496360648,0.615797982174835,"[462, 972, 634, 1098]",19,0.9547085201793722,0.019730941704035873,0.005829596412556054,0.9533632286995516,0.22207621550591328
12584.png,2,1,2,1159,659,1121,550,29.410882339705484,0.29647587110414186,0.29647587110414186,0.0,0.2019067323803944,0.0407663285805282,0.20817153251954426,"[554, 1139, 677, 1178]",22,1.0,0.0,0.0,1.0,0.002628120893561104
12584.png,3,2,4,1121,550,1078,476,28.30194339616981,0.09577414509158988,0.09577414509158991,0.0,0.017146076708512467,0.00029398794649419373,0.0600363985612308,"[462, 1064, 491, 1094]",22,1.0,0.0,0.0,1.0,0.0
12584.png,4,2,3,1121,550,1087,651,28.792360097775937,0.09419315978267073,0.0941931597826707,0.0,0.017146076708512467,0.00029398794649419373,0.0590878073758793,"[637, 1073, 666, 1101]",22,1.0,0.0,0.0,1.0,0.0
12585.png,1,2,3,1177,641,1225,722,38.07886552931954,0.06926884639190534,0.06926884639190532,0.03430218443527677,0.018935794372265745,0.00035856430850873106,0.052977223099802254,"[623, 1160, 658, 1198]",20,1.0,0.0,0.0,1.0,0.0
12585.png,2,1,3,1145,696,1225,722,38.07886552931954,0.012009098910141236,0.01200909891014125,0.03233592773902822,0.08447147293213104,0.007135429739323748,0.027960162220661458,"[673, 1104, 720, 1165]",20,0.84375,0.0,0.0,0.84375,0.026865671641791045
12619.png,1,1,6,1327,650,1438,459,33.13608305156178,0.8856804684146918,0.8856804684146918,0.18087950355258164,0.4568913232034031,0.20874968121855655,0.645161855417471,"[407, 1300, 521, 1479]",19,0.8930246189917936,0.0,0.0,0.8930246189917936,0.0675
12619.png,2,1,2,1542,430,1537,492,13.038404810405298,0.6503934561581746,0.6503934561581746,0.0,0.9448122337629117,0.8926701570680629,0.5319579087593415,"[407, 1514, 517, 1551]",20,0.9946010797840432,0.0,0.0,0.9946010797840432,0.0
12619.png,3,1,4,1327,650,1413,622,35.11409973215888,0.08806719994981804,0.08806719994981808,0.07997313117479035,0.016679606102409254,0.0002782092597315281,0.07533554367894982,"[606, 1395, 640, 1429]",19,1.0,0.0,0.0,1.0,0.0
12619.png,4,1,5,1327,650,1379,555,33.37663853655727,0.08418177801190052,0.08418177801190058,0.008935734416504342,0.023588525165068208,0.0005564185194630562,0.05628127918602665,"[539, 1358, 571, 1400]",19,1.0,0.0,0.0,1.0,0.0
12619.png,5,1,3,1327,650,1325,544,35.77708763999664,0.07147259656812965,0.07147259656812963,0.015783887384217255,0.01273925958772296,0.00016228873484339137,0.048740418725090544,"[528, 1309, 562, 1345]",19,1.0,0.0,0.0,1.0,0.0
12619.png,6,2,6,1337,465,1438,459,33.13608305156178,0.0,0.0,0.09982840072237993,0.0210771677730368,0.000444247001332741,0.028118675346550503,"[449, 1322, 481, 1354]",19,1.0,0.0,0.0,1.0,0.0
12621.png,1,1,2,854,569,834,652,24.413111231467404,0.04935142788293034,0.049351427882930315,0.12754294106525063,0.06367738879225848,0.004054809843400447,0.07104820031490963,"[556, 838, 586, 869]",19,1.0,0.0,0.0,1.0,0.0
12662.png,1,5,6,957,561,902,428,25.942243542145693,0.21064716269923456,0.21064716269923453,0.0,0.03391499019278829,0.0011502265597769258,0.13147554614845897,"[415, 888, 443, 924]",19,1.0,0.0,0.0,1.0,0.0
12662.png,2,4,5,905,564,957,561,26.40075756488817,0.1624622446911147,0.1624622446911147,0.007128734295424006,0.05991745221983207,0.0035901010805158592,0.10824714822149961,"[548, 884, 584, 924]",19,1.0,0.0,0.0,1.0,0.0
12662.png,3,3,5,842,595,957,561,26.40075756488817,0.11523688584423497,0.11523688584423494,0.05493296188540223,0.04457302959063269,0.001986754966887417,0.08956132641648644,"[577, 827, 611, 860]",19,1.0,0.0,0.0,1.0,0.0
12662.png,4,1,5,874,515,957,561,26.40075756488817,0.04881749002628699,0.04881749002628699,0.10878098136909484,0.11629220057662054,0.013523875914952944,0.07392956944453899,"[502, 815, 535, 889]",19,1.0,0.0,0.0,1.0,0.0
12662.png,5,2,5,824,452,957,561,26.40075756488817,0.0,0.0,0.08799825062537202,0.023615367978084265,0.0005576856047403276,0.025541867853055643,"[435, 810, 466, 838]",19,1.0,0.0,0.0,1.0,0.0
12687.png,1,1,2,942,578,992,561,21.37755832643195,0.7642630524828827,0.7642630524828828,0.1342052794382794,0.3885763207390194,0.15099155703907324,0.5503955994601524,"[538, 958, 588, 1020]",22,0.9466338259441708,0.013957307060755337,0.011494252873563218,0.9392446633825944,0.2413793103448276
12687.png,2,1,2,934,744,915,699,18.788294228055936,0.13244151289707184,0.13244151289707184,0.0,0.029045559805793826,0.000843644544431946,0.08382174170911218,"[689, 904, 710, 927]",20,1.0,0.0,0.0,1.0,0.0
12799.png,1,1,2,904,474,875,418,25.298221281347036,0.29755904006366485,0.29755904006366485,0.11570488056216767,0.15968719422671313,0.0255,0.2314147233127478,"[396, 858, 439, 904]",19,1.0,0.0,0.0,1.0,0.0
12840.png,1,1,2,1485,599,1482,532,21.18962010041709,0.37636713273793776,0.3763671327379377,0.0,0.2949942288241505,0.08702159503955527,0.27006941396638523,"[519, 1468, 621, 1495]",24,1.0,0.0,0.0,1.0,0.0
12840.png,2,4,6,1316,765,1391,826,41.43669871020132,0.2107037209243111,0.21070372092431108,0.0,0.0809154667713413,0.006547312762824039,0.13855955257028785,"[738, 1291, 794, 1366]",21,1.0,0.0,0.0,1.0,0.0111731843575419
12840.png,3,3,6,1256,708,1391,826,41.43669871020132,0.11928569973827374,0.1192856997382737,0.0,0.10530727367210728,0.011089621888252098,0.08736751089378031,"[677, 1178, 728, 1288]",21,1.0,0.0,0.0,1.0,0.0
12840.png,4,5,6,1214,597,1391,826,41.43669871020132,0.08264415006742387,0.08264415006742386,0.0,0.03837579688762018,0.0014727017867598787,0.055342859573597344,"[570, 1192, 620, 1238]",21,1.0,0.0,0.0,1.0,0.0
12840.png,5,2,3,1202,697,1256,708,45.12205669071391,0.014313758323351355,0.014313758323351335,0.0,0.21540659228538014,0.0464,0.040899243836817825,"[683, 1184, 719, 1227]",21,1.0,0.0,0.0,1.0,0.0
12840.png,6,1,6,1346,663,1391,826,41.43669871020132,0.0,0.0,0.0,0.02456166587837466,0.0006032754307209141,0.003684249881756199,"[638, 1326, 684, 1367]",21,1.0,0.0,0.0,1.0,0.0
12854.png,1,1,5,1211,659,1243,730,28.635642126552707,0.6450894732437591,0.6450894732437591,0.0,0.3843536022603771,0.14772769157052817,0.444706724285312,"[594, 1161, 769, 1269]",21,0.948169626676332,0.0,0.017397607828923523,0.9307720188474085,0.031207598371777476
12854.png,2,3,5,1109,710,1243,730,28.635642126552707,0.2643028382935746,0.26430283829357454,0.0,0.13697016864322464,0.018760827098153403,0.17912722827262842,"[688, 1088, 739, 1138]",21,1.0,0.0,0.0,1.0,0.0
12854.png,3,4,5,1134,781,1243,730,28.635642126552707,0.187398281108754,0.187398281108754,0.0,0.06650552441384643,0.004422984777560724,0.12241479732732936,"[765, 1109, 800, 1154]",21,1.0,0.0,0.0,1.0,0.0
12854.png,4,2,5,1109,601,1243,730,28.635642126552707,0.0,0.0,0.0,0.07410717081005881,0.0054918727654712325,0.011116075621508821,"[585, 1093, 620, 1143]",21,1.0,0.0,0.0,1.0,0.0
12870.png,1,1,2,1296,727,1288,812,15.0,0.9214986601226735,0.9214986601226735,0.2322824833315639,0.7672998934477807,0.5887491264849756,0.7260648009236621,"[755, 1295, 769, 1310]",19,1.0,0.0,0.0,1.0,0.0
12905.png,1,5,6,1413,850,1205,721,41.773197148410844,0.16204542595005833,0.1620454259500583,0.009328643186911716,0.03248991615338157,0.001055594651653765,0.10443290378977015,"[701, 1178, 747, 1225]",18,1.0,0.0,0.0,1.0,0.0
12905.png,2,4,5,1352,754,1413,850,42.5440947723653,0.12421305339973654,0.12421305339973655,0.0,0.0508472415465294,0.0025854419728911053,0.08215491827182134,"[733, 1328, 776, 1394]",18,0.6737967914438503,0.0,0.0,0.6737967914438503,0.0
12905.png,3,2,5,1307,854,1413,850,42.5440947723653,0.07162436104362446,0.07162436104362448,0.0,0.04900877772749107,0.0024018602943426245,0.05032593328529834,"[831, 1286, 885, 1339]",18,1.0,0.0,0.0,1.0,0.0
12905.png,4,3,5,1216,914,1413,850,42.5440947723653,0.053128301761811714,0.053128301761811686,0.0,0.020696793228576628,0.00042835724994645533,0.03498150004137351,"[891, 1196, 935, 1238]",18,1.0,0.0,0.0,1.0,0.0
12905.png,5,1,2,1295,679,1377,615,23.40939982143925,0.0,0.0,0.0,0.037988301404473776,0.001443111043597144,0.005698245210671066,"[668, 1284, 694, 1312]",19,1.0,0.0,0.0,1.0,0.0
12905.png,6,1,5,1275,806,1413,850,42.5440947723653,0.0,0.0,0.0,0.02246885880520687,0.0005048496160083224,0.0033703288207810305,"[787, 1246, 827, 1295]",18,1.0,0.0,0.0,1.0,0.0
12985.png,1,1,2,847,429,847,380,31.622776601683793,0.27800026572917214,0.2780002657291721,0.11611702983016163,0.1587662907553214,0.025206735080203248,0.21964436050834185,"[359, 828, 431, 868]",20,0.9963503649635036,0.0036496350364963502,0.08211678832116788,0.9178832116788321,0.32710280373831774
13039.png,1,4,5,1483,1002,1688,959,35.12833614050059,0.12063452739440039,0.12063452739440038,0.0,0.0570893511097291,0.0032591940101299273,0.0809441191030996,"[952, 1465, 1021, 1504]",20,1.0,0.0,0.0,1.0,0.0
13039.png,2,3,5,1624,855,1688,959,35.12833614050059,0.08428609177222879,0.08428609177222882,0.0,0.041709769968349096,0.0017397049108125963,0.05682812055858964,"[823, 1607, 874, 1643]",20,1.0,0.0,0.0,1.0,0.0
13039.png,3,1,5,1539,894,1688,959,35.12833614050059,0.0,0.0,0.0,0.04785649840461335,0.00229024443955076,0.007178474760692001,"[874, 1508, 912, 1565]",20,1.0,0.0,0.0,1.0,0.0
13039.png,4,2,5,1469,794,1688,959,35.12833614050059,0.0,0.0,0.0,0.029679340389925472,0.0008808632459810614,0.004451901058488821,"[775, 1451, 813, 1488]",20,1.0,0.0,0.0,1.0,0.0
13253.png,1,2,4,962,499,892,472,22.0,0.7587228531365691,0.7587228531365692,0.17980858747727022,0.2970685727814522,0.08824973693440898,0.5447461446684768,"[415, 868, 495, 912]",19,0.9689366786140979,0.0,0.0,0.9689366786140979,0.0
13253.png,2,1,2,1030,395,1037,430,12.041594578792296,0.40382910101801106,0.40382910101801106,0.07423250180447741,0.2511429399372466,0.06307277628032346,0.298527027052513,"[376, 1007, 404, 1038]",23,1.0,0.0,0.0,1.0,0.0
13253.png,3,1,2,940,440,982,437,14.317821063276353,0.27469709805149634,0.27469709805149634,0.035061736568700194,0.494377965104965,0.24440957238132602,0.24774038773881757,"[421, 918, 464, 960]",21,1.0,0.0,0.0,1.0,0.0
13253.png,4,2,3,962,499,905,539,28.160255680657446,0.2735454045113769,0.2735454045113769,0.0662115702043881,0.14213879621830677,0.020203437390389337,0.20200095469066917,"[519, 878, 558, 930]",19,1.0,0.0,0.0,1.0,0.024390243902439025
13253.png,5,1,2,1014,604,1014,561,22.0,0.05815021550067645,0.0581502155006765,0.023904429262172577,0.029498653417206554,0.000870170553428472,0.045291034628530014,"[589, 1003, 616, 1026]",22,1.0,0.0,0.0,1.0,0.0
13253.png,6,1,2,938,590,962,499,28.653097563788805,0.0,0.0,0.048753483561776625,0.04587509921695599,0.002104524728165556,0.019069635772987554,"[574, 922, 610, 954]",19,1.0,0.0,0.0,1.0,0.0
13298.png,1,1,2,1218,487,1223,535,14.0,0.1529098371334151,0.15290983713341508,0.027516842443945703,0.053397788614516335,0.0028513238289205704,0.10663478118321293,"[478, 1208, 497, 1227]",21,1.0,0.0,0.0,1.0,0.0
13298.png,2,1,2,1185,664,1151,555,28.0178514522438,0.0,0.0,0.0,0.132151753496787,0.01746408595227556,0.01982276302451805,"[640, 1157, 691, 1208]",20,0.49250936329588013,0.028089887640449437,0.0,0.49250936329588013,0.11312217194570136
13324.png,1,3,5,1402,863,1326,706,32.0,0.07647687950376225,0.07647687950376225,0.0824718791355666,0.04453208806496315,0.0019831068674256336,0.07318391069589347,"[842, 1384, 882, 1424]",19,1.0,0.0,0.0,1.0,0.0
13324.png,2,4,5,1432,738,1326,706,32.0,0.0607271942561749,0.0607271942561749,0.08181471308683808,0.037682919848123275,0.0014200024482800833,0.06254243280263296,"[710, 1416, 758, 1449]",19,1.0,0.0,0.0,1.0,0.0
13324.png,3,1,5,1353,791,1326,706,32.0,0.0,0.0,0.06600995747134102,0.09581779747080242,0.00918105031215571,0.030875158988455616,"[771, 1324, 817, 1379]",19,1.0,0.0,0.0,1.0,0.0
13324.png,4,2,5,1492,869,1326,706,32.0,0.0,0.0,0.052564761825189085,0.020992627634087976,0.0004406904149834741,0.016290084601410466,"[851, 1477, 884, 1509]",19,1.0,0.0,0.0,1.0,0.0
13334.png,1,1,3,1188,690,1179,793,31.827660925679098,0.43191261880315013,0.4319126188031501,0.10915924067643897,0.33663603952910787,0.11332382310984308,0.336932787380366,"[654, 1154, 725, 1255]",20,1.0,0.0,0.0,1.0,0.014634146341463415
13334.png,2,2,3,1189,613,1179,793,31.827660925679098,0.05801366665597285,0.05801366665597286,0.03305619477662982,0.03622721134250853,0.0013124108416547788,0.04850633038911745,"[594, 1174, 630, 1207]",20,1.0,0.0,0.0,1.0,0.0
13388.png,1,1,2,961,695,995,700,27.073972741361768,0.6274368726574948,0.6274368726574948,0.054088262893128645,0.57617589671673,0.3319786639573279,0.47641057382528856,"[671, 926, 728, 1033]",20,0.990849008642603,0.0,0.0,0.990849008642603,0.0
