anchor_components,boundary_f1,boundary_iou,bridge_risk,component_delta,component_error,dice,false_bridge,fn_pixels,fp_pixels,gt_components,image,iou,missing_anchor,precision,recall,risk_pixels,sep_fp_pixels,sep_fp_rate,sep_pixels,split
27,0.41408872592057017,0.2611045981503191,1,-1,1,0.9096801842824235,1,2497,4247,28,10003.png,0.8343241782538201,0,0.8888481771310425,0.931512109492855,6422,4157,0.2639365079365079,15750,train
23,0.35039589606334337,0.21241211465657112,1,-2,2,0.9192866175380456,1,5523,7434,25,10004.png,0.8506294383473209,0,0.9084719469102818,0.9303618711385702,10441,6295,0.3027024427774572,20796,train
25,0.4062841687287794,0.254928865458222,1,-6,6,0.9095768120886463,1,2404,3957,31,10015.png,0.8341502841946081,0,0.8899304589707928,0.9301101840276769,5872,3634,0.2528175873104216,14374,train
28,0.4216283405842138,0.26712868168215465,1,-1,1,0.9057290937106037,1,2137,3247,29,10043.png,0.8277009728622632,0,0.8884614063412456,0.9236812970965322,5107,3104,0.2324571257395342,13353,train
29,0.2630805048400931,0.15146384479717814,0,1,1,0.8968438284297048,0,9372,11549,28,10055.png,0.8129799311670317,0,0.8873191339896384,0.9065752222975397,14880,7919,0.30380572393155836,26066,train
30,0.3401923076923077,0.20495886919244583,0,2,2,0.8958901678976201,0,3605,5783,28,10066.png,0.8114139932906129,0,0.874761781011781,0.9180644574753398,8028,4805,0.281586966713549,17064,train
25,0.2860390763765542,0.16688774664234787,1,-1,1,0.9146555180115686,1,6651,8251,26,10144.png,0.8427329140107223,0,0.9063503773906135,0.9231142708513959,12159,7152,0.3269037389158058,21878,train
19,0.39878995133499934,0.24905536389025792,1,-4,4,0.8340759849906192,1,912,1918,23,10390.png,0.7153776526199336,0,0.7876204185582992,0.8863551401869159,2459,1600,0.243531202435312,6570,train
25,0.2275628784985542,0.12838981746544773,0,3,3,0.9150814969674134,0,11568,16378,22,10474.png,0.8434564388104347,0,0.9018993596923648,0.9286546894369715,18603,11201,0.3923017652003362,28552,train
26,0.3555454476537033,0.21620874054951134,0,3,3,0.9287896281329677,0,4037,7805,23,10526.png,0.867046896226521,0,0.908211026437106,0.9503224059854302,10080,6929,0.34919115053167366,19843,train
22,0.5570859006886553,0.3860838985179603,1,-5,5,0.9280771412365286,1,775,1761,27,10542.png,0.8658059053868135,0,0.9028306571759642,0.9547762152068624,2527,1761,0.19122597459007493,9209,train
26,0.31496903694213113,0.18692180965657076,1,-2,2,0.8806420597190321,1,2874,6064,28,10621.png,0.7867385650545203,0,0.8446601941747572,0.9198259268558039,7758,5217,0.3458860969303189,15083,train
25,0.28373557187827914,0.165321594521888,1,-1,1,0.8688043710893731,1,2702,7719,26,10685.png,0.7680407781685439,0,0.8171892762410004,0.9273792565915016,8369,6067,0.40216094392151663,15086,train
26,0.25340584782725756,0.1450857072388704,1,-1,1,0.85999636825858,1,2440,8354,27,10693.png,0.7543803759158968,0,0.7987278947622031,0.9314452685996853,8674,6626,0.4487943646708209,14764,train
22,0.3978410969561412,0.2483156297420334,1,-1,1,0.9167652938426806,1,3809,4560,23,10727.png,0.8463219361709942,0,0.9099686074749749,0.9236642751212474,7203,3997,0.2429934950452915,16449,train
25,0.5612125923047027,0.39005942733657484,1,-1,1,0.9438726535836177,1,2267,1943,26,10779.png,0.8937110252720342,0,0.9479674361308982,0.9398130940370626,4163,1932,0.13308534821244059,14517,train
28,0.48675013828128927,0.32165880241908684,0,3,3,0.934436955415468,0,4018,2295,25,10833.png,0.8769419699421064,0,0.9514624706554152,0.9180100395869893,5522,2146,0.1333416179942836,16094,train
34,0.2871030832949839,0.1676125868959264,0,10,10,0.9255691965119668,0,10114,9808,24,10852.png,0.8614507267542945,0,0.9266285645890062,0.9245122479138989,14962,7894,0.2919486667406339,27039,train
26,0.5065040650406504,0.3391399020141535,0,0,0,0.9291319678895641,0,2409,2314,26,10910.png,0.8676437619100997,0,0.93045830202855,0.9278094096493856,4569,2264,0.16177206145051803,13995,train
33,0.44348859120888123,0.2849247289188336,0,6,6,0.9267348965755495,0,3313,5170,27,11013.png,0.8634724949303119,0,0.9121062205674844,0.9418404606418088,7619,4588,0.23735126745990687,19330,train
25,0.5178412132024978,0.3493830875714716,0,1,1,0.8838542890716804,0,1558,3384,24,11023.png,0.791880737808473,0,0.8474851270957274,0.9234849228955898,3241,1725,0.15910348644161593,10842,train
31,0.4422125618348074,0.2838722093918399,0,4,4,0.9180630810471682,0,4499,2684,27,11112.png,0.8485366059379217,0,0.937472335468841,0.8994412159141708,6223,2465,0.15086602607258706,16339,train
28,0.4690096633224595,0.3063439736270805,0,2,2,0.9205219066903996,0,1703,3164,26,11115.png,0.8527471862519665,0,0.899071740725382,0.9430206102783726,4730,3054,0.2289698605488079,13338,train
26,0.5120481927710844,0.3441295546558704,0,2,2,0.9232660767997892,0,2094,1401,24,11142.png,0.8574691081114147,0,0.9375306550140455,0.9094290657439447,3434,1392,0.12493268712977922,11142,train
15,0.1366993582758203,0.07336409123399831,0,8,8,0.7702082243981405,0,8464,23617,7,11152.png,0.6262915720193372,0,0.6947958801256122,0.8639840586231279,9028,6051,0.500620501365103,12087,train
28,0.506373582254341,0.3390229151266716,0,3,3,0.9361258017988437,0,2998,2449,25,11201.png,0.879921520215158,0,0.942191483334907,0.9301377205042761,5259,2422,0.153300841825432,15799,train
24,0.5124875124875125,0.3445265278710544,0,0,0,0.9238867828170729,0,2164,1711,24,11237.png,0.858540503048224,0,0.9321812200245749,0.9157386496378787,3670,1664,0.14311516298271265,11627,train
27,0.4597655315415902,0.29850359861233366,1,-1,1,0.9352516834882196,1,4492,3604,28,11283.png,0.8783781753721814,0,0.9419412001610955,0.9286565125549926,7488,3486,0.1745006757771437,19977,train
28,0.4789494448514907,0.31488068771305766,0,2,2,0.9246113477978727,0,2113,3231,26,11285.png,0.8597927325200052,0,0.9102549858341203,0.93942781791079,5142,3155,0.21823338175278412,14457,train
23,0.501596877217885,0.33475429248075783,0,0,0,0.910531682447196,0,1532,1539,23,11336.png,0.8357578350625735,0,0.9103460328556449,0.9107174077743458,2983,1515,0.15981012658227847,9480,train
23,0.5183089483469404,0.3498090561920349,0,0,0,0.9258253142409871,0,1240,1982,23,11355.png,0.8618945563651951,0,0.9102761430511543,0.9419149334832303,3176,1937,0.18835083625048618,10284,train
26,0.45972269966769796,0.2984674899568517,0,0,0,0.9443945376424955,0,4568,3417,26,11382.png,0.8946472629398493,0,0.952025272025272,0.9368851553000995,7619,3174,0.15325929502655722,20710,train
22,0.5656028368794326,0.3943139678615575,0,0,0,0.9221497727721795,0,1128,1236,22,11383.png,0.855545371219065,0,0.918881669620004,0.9254412056315685,2292,1217,0.14235583109135572,8549,train
25,0.4736520854526958,0.310317248733671,1,-1,1,0.9288947633139555,1,3338,2741,26,11488.png,0.8672301576901236,0,0.9354268752355823,0.9224532466023928,5680,2594,0.1636489811368368,15851,train
28,0.47415351998503463,0.31074785451573356,0,4,4,0.9086771606585163,0,3952,1867,24,11612.png,0.8326382697230291,0,0.9394165557971249,0.8798857212327518,4682,1836,0.1396091551973234,13151,train
27,0.44056775830624056,0.2825180514593715,0,3,3,0.8936307952791196,0,2707,1565,24,11630.png,0.8077148129810505,0,0.9197847257816504,0.8689231067208987,3849,1514,0.1423333646704898,10637,train
26,0.471519512870191,0.30848906272635085,1,-1,1,0.922480510476945,1,3684,1795,27,11662.png,0.856114918984217,0,0.9478121820031982,0.898467644140668,5127,1781,0.11985195154777928,14860,train
27,0.5579103006407097,0.3868762816131237,0,2,2,0.9460455806529258,0,2296,1963,25,11666.png,0.8976152699649022,0,0.9500534323952979,0.9420714015390438,4230,1954,0.13081609426256946,14937,train
27,0.5080271522465252,0.34050696901856,0,1,1,0.9298351185461547,0,3067,2180,26,11779.png,0.8688708951866847,0,0.9409965626437871,0.918935349156843,4833,2180,0.14486975013290804,15048,train
25,0.43397054715249234,0.2771151885830785,0,0,0,0.9346301118088528,0,4515,4021,25,11784.png,0.8772822680353086,0,0.9381793582706824,0.9311076185971283,8002,3848,0.19461865264009712,19772,train
26,0.49066080678072516,0.32508319467554075,0,0,0,0.935795933386352,0,2859,2550,26,11795.png,0.8793388061033283,0,0.9392408682599062,0.9323761767349449,5239,2507,0.16118040375466117,15554,train
27,0.4325395152792413,0.27594923093471013,0,1,1,0.9364868981073672,0,3675,4040,26,11830.png,0.8805598129828309,0,0.9336813421320463,0.9393093653493634,7401,3933,0.20913538232478995,18806,train
27,0.45072035111153513,0.2909225274048528,0,0,0,0.9289334016281782,0,2710,3811,27,11917.png,0.8672975172975173,0,0.9179194486323498,0.9402148734805533,6295,3649,0.21584052998935288,16906,train
25,0.5265266869690656,0.3573371043185032,0,0,0,0.9133127765115967,0,1621,1612,25,12074.png,0.8404559810501382,0,0.9135332296304243,0.9130924297662449,3156,1598,0.1517280668439043,10532,train
27,0.4622297404451023,0.3005843932622895,0,0,0,0.9239664941468011,0,3962,1929,27,12220.png,0.858678181600096,0,0.9488640882220396,0.9003420867290471,5489,1906,0.12199180747567845,15624,train
26,0.39933873634127653,0.24948360118897678,0,0,0,0.9355073000815237,0,4919,3783,26,12257.png,0.8788292302550964,0,0.9434503789407597,0.9276968529978099,8264,3599,0.18072712664457166,19914,train
26,0.4476303533923843,0.2883529411764706,1,-1,1,0.9343027444815616,1,3778,3243,27,12277.png,0.8767055931161647,0,0.9390035172193277,0.9296488026516704,6598,3117,0.1766606211743369,17644,train
25,0.4743243882815088,0.3108946519419283,1,-1,1,0.9340489533542113,1,2355,4047,26,12278.png,0.876258770319114,0,0.9180470616823944,0.9506185783183058,6096,3792,0.22370361630582267,16951,train
25,0.4654839953721558,0.3033425483789897,1,-1,1,0.9361968643930823,1,3795,2521,26,12316.png,0.8800470999354275,0,0.9484025461020488,0.9243013583866914,5999,2385,0.14351907570104705,16618,train
29,0.40835773921405777,0.2565637701856531,0,1,1,0.9196671752009958,0,4695,3888,28,12329.png,0.8512813404259005,0,0.9266664151797502,0.9127728750580585,7565,3407,0.18496199782844733,18420,train
23,0.44280442804428044,0.2843601895734597,1,-2,2,0.8998289201542272,1,1949,1974,25,12434.png,0.8178990855498306,0,0.8992548739410023,0.9004036997291635,3774,1891,0.1805078274150439,10476,train
25,0.45427452316076294,0.2938908169448576,0,0,0,0.9375390781563127,0,4479,3313,25,12445.png,0.8824221756122588,0,0.9463846452615226,0.9288573334604022,7137,3162,0.1709096805578077,18501,train
34,0.39854780153287617,0.24886649874055417,0,10,10,0.9312522196606252,0,4970,6451,24,12446.png,0.8713489157983667,0,0.9230236859375932,0.9396287838297459,9531,5203,0.24463983449313523,21268,train
20,0.39005450076586046,0.2422780777059917,1,-3,3,0.9301752811057786,1,4592,7542,23,12449.png,0.8694651232841344,0,0.9146484993888914,0.9462383215866251,10274,6363,0.28785342682650983,22105,train
25,0.47148181346416945,0.3084567901234568,1,-1,1,0.932579701522138,1,4759,2040,26,12481.png,0.8736761918917915,0,0.958420805902615,0.9080954771928469,6215,1959,0.11525563334706125,16997,train
32,0.543677572485689,0.3733222548894286,0,5,5,0.9433616325879868,0,2972,2712,27,12482.png,0.8927951716333459,0,0.9458120204603581,0.9409239087222708,5255,2599,0.1530443999528913,16982,train
27,0.5161764705882353,0.3478691774033697,0,1,1,0.9286466675324301,0,2732,2213,26,12486.png,0.8667977588621916,0,0.935653640381484,0.9217438629658274,4642,2123,0.14777947932618682,14366,train
24,0.48989420495815567,0.3244105191613949,1,-2,2,0.9446687315319164,1,3279,4492,26,12522.png,0.8951395260970475,0,0.9365796495785624,0.9528987589059986,7371,4291,0.21195356878241542,20245,train
26,0.3855877439082054,0.23884094192994104,0,2,2,0.9422648324623425,0,6206,5814,24,12566.png,0.8908324705283999,0,0.9440423484119346,0.9404939976220611,11046,5378,0.21863566143588908,24598,train
28,0.394976213130352,0.24608745138954757,0,3,3,0.9301568571602954,0,5237,5062,25,12584.png,0.8694329289164416,0,0.9312620515466717,0.9290542828887655,9375,4717,0.23072784190960674,20444,train
26,0.4015986099044309,0.25125016306474757,0,2,2,0.9364189744995887,0,4153,7441,24,12585.png,0.8804397145567793,0,0.9198332238011614,0.9536138320805084,10413,6510,0.28725234964479546,22663,train
23,0.5678471248246845,0.39649895948096464,0,0,0,0.9267012687427912,0,1193,1349,23,12603.png,0.8634141099349847,0,0.9225513836261339,0.9308886571660294,2540,1348,0.1400665004156276,9624,train
25,0.537092764621222,0.367140685090779,0,1,1,0.9372457197894353,0,1679,2100,24,12611.png,0.881902559454983,0,0.9307387862796834,0.9438442757282852,3639,1981,0.1591931854709097,12444,train
25,0.37470625934629354,0.23054679284963198,0,1,1,0.9314282261962301,0,4104,7246,24,12619.png,0.8716571493187086,0,0.9140766740581755,0.9494512803458597,10300,6560,0.29940666362391605,21910,train
30,0.4639204816974099,0.30201592832254853,0,2,2,0.9305945991992504,0,2485,4033,28,12621.png,0.8701981479637558,0,0.9155038759689923,0.9461911567277295,6233,3820,0.232232962490121,16449,train
25,0.3684114034283619,0.22579920220237093,0,5,5,0.8385697613512098,0,4435,13132,20,12635.png,0.722014748235592,0,0.7765108323831242,0.9114098517837881,6889,3175,0.20390469462462268,15571,train
26,0.5596365497824418,0.3885384273656153,1,-1,1,0.9380638827293194,1,1413,2246,27,12648.png,0.8833524611068605,0,0.9250208646302788,0.9514799807705515,3599,2223,0.17266019417475728,12875,train
27,0.5109498509783594,0.34313810808458794,0,2,2,0.9248115027178678,0,2143,2145,25,12651.png,0.8601389477804233,0,0.9247790713985131,0.9248439363119871,4057,2072,0.16190029692139396,12798,train
23,0.47810684426810257,0.3141527001862197,1,-4,4,0.9171548636843522,1,2503,5501,27,12662.png,0.8469861782867193,0,0.8895514596634944,0.9465262348316527,6734,4698,0.2758985200845666,17028,train
27,0.4841602495369919,0.31940068162819113,0,0,0,0.9289330626910245,0,3545,2547,27,12687.png,0.8672969263946675,0,0.9398753599924461,0.9182426199261993,5782,2475,0.15071245889660212,16422,train
22,0.5191055759977357,0.35053516819571867,1,-2,2,0.9113749136360781,1,882,1940,24,12755.png,0.8371797830602354,0,0.8820668693009118,0.9426975051975052,2729,1874,0.21004259134723155,8922,train
26,0.5723867447280169,0.4009396400700749,1,-1,1,0.9416617905207724,1,1693,2295,27,12799.png,0.8897550727041521,0,0.9334416055218816,0.950028040969332,3949,2264,0.15757238307349666,14368,train
25,0.5550324242693435,0.3841141030370097,0,1,1,0.9177414378278309,0,1411,1255,24,12837.png,0.8479872277340632,0,0.9221801947045327,0.9133452066572499,2623,1232,0.12833333333333333,9600,train
25,0.4224349247111007,0.2677765445800962,0,0,0,0.9487703767850986,0,6578,6200,25,12840.png,0.902533904898476,0,0.9502104012077993,0.9473347104129638,11393,5648,0.20971335214614584,26932,train
25,0.5432888320409305,0.3729557677532653,0,0,0,0.9175435341514485,0,1891,1220,25,12852.png,0.8476493633692458,0,0.9341572669868854,0.9015104166666666,3035,1208,0.11432897974635624,10566,train
23,0.38983882535009245,0.24211167893478364,0,0,0,0.9327977431620262,0,4509,6449,23,12854.png,0.874059005390247,0,0.921830303030303,0.9440292949354518,9708,5672,0.2740228996569883,20699,train
28,0.4262118640559672,0.27081908569624913,0,3,3,0.9358682404259414,0,4763,3235,25,12870.png,0.8794665059151533,0,0.9474769450577997,0.9245405576679341,7556,3101,0.16174629668266222,19172,train
21,0.1772827828209627,0.097262911191094,0,12,12,0.7891119105348642,0,6671,38644,9,12905.png,0.6516802976263683,0,0.6869029775167106,0.9270546297511263,9974,6116,0.4100844843770953,14914,train
23,0.5128580580214148,0.34486153846153844,1,-2,2,0.9027613478892756,1,1637,1240,25,12915.png,0.8227575160177427,0,0.9150393970537856,0.8908084311632871,2827,1216,0.12974818608621425,9372,train
28,0.4629486291603862,0.30119268486615425,0,1,1,0.9370366218834569,0,3582,4282,27,12973.png,0.8815323661891203,0,0.9318142008630711,0.9423179117216058,7345,3931,0.20393235111018884,19276,train
25,0.45244690674053556,0.29236276849642007,0,2,2,0.882921589688507,0,2639,958,23,12974.png,0.7903846153846154,0,0.9340265821913092,0.8371188742130601,3257,937,0.09997865983781477,9372,train
26,0.42043085476025016,0.26616805983282005,0,0,0,0.9193543084459348,0,5374,1985,26,12985.png,0.8507453605111044,0,0.9548155061346202,0.8864327979712595,6653,1916,0.11554697865154988,16582,train
25,0.4603258013662638,0.29897610921501705,0,3,3,0.9017003955079534,0,1865,1540,22,13038.png,0.8209967406161287,0,0.9102407180742554,0.8933188422377303,3309,1482,0.154375,9600,train
24,0.3510395663240009,0.21288537866335244,1,-3,3,0.9271433057678217,1,5307,8613,27,13039.png,0.864181871402088,0,0.9113733883498143,0.943468581228629,11521,6935,0.29019164783663903,23898,train
25,0.5000750187546886,0.3334000200060018,0,0,0,0.9078240950631129,0,2234,1629,25,13087.png,0.8312068513501704,0,0.9211214410226612,0.8949052076962882,3618,1478,0.13144788331554608,11244,train
27,0.5268511593118923,0.3576360682372055,0,1,1,0.9200194791642511,0,2389,1060,26,13097.png,0.8518852529416817,0,0.9492750155524716,0.8925132727436336,3362,1060,0.09349091550538013,11338,train
28,0.35922472294097546,0.21893596762675555,0,1,1,0.88452100103138,0,7166,2575,27,13102.png,0.7929517291219419,0,0.9354329129159249,0.838864903759669,7485,2291,0.13662929389312978,16768,train
28,0.4615503040566546,0.30001000700490343,0,4,4,0.9018185431779787,0,1731,2221,24,13125.png,0.8211926522486653,0,0.8909724608512101,0.9129319450731854,3795,2143,0.19646131279794646,10908,train
23,0.5228034387294186,0.3539159597553758,0,0,0,0.9243468537155637,0,1651,2070,23,13174.png,0.8593354250935622,0,0.9165389887912265,0.9322888898002707,3543,2015,0.1794620591378696,11228,train
25,0.4284578363674409,0.27263527907967616,0,1,1,0.918996011575552,0,4782,4987,24,13253.png,0.8501319342169857,0,0.9174365087248767,0.9205608252902968,7865,3894,0.2089840605377556,18633,train
25,0.36487617135207495,0.22314895358952055,0,1,1,0.9169180276627334,0,3782,6850,24,13298.png,0.8465823003997056,0,0.895450174758467,0.9394405213687531,9346,5958,0.3141742248470787,18964,train
27,0.3336401570937653,0.20022095378383356,0,0,0,0.9244236298530631,0,7578,9560,27,13324.png,0.8594681470426647,0,0.9164138389305169,0.9325746723492094,13561,7646,0.2976023664954071,25692,train
27,0.422619782027555,0.2679251186316942,0,1,1,0.9295912221010305,0,6111,2539,26,13334.png,0.86844506630977,0,0.9574286145436864,0.9033268473257083,7830,2458,0.12585765488991296,19530,train
26,0.4644621816799696,0.30247524752475247,0,1,1,0.9140796170829542,0,3785,1313,25,13388.png,0.8417556493667743,0,0.9538180155464107,0.877519981878782,4573,1297,0.09851879984808204,13165,train
28,0.4644532156953796,0.30246764243377283,0,2,2,0.930000105215534,0,4061,2592,26,13496.png,0.8691590623033354,0,0.9445999957253083,0.9158446618037135,6323,2470,0.14314691393798898,17255,train
29,0.29781802710751837,0.17496250803399271,1,-4,4,0.844014729624322,1,1616,6983,33,13500.png,0.7301258513008819,0,0.7691341290045294,0.935048231511254,7031,5620,0.42268351383874847,13296,train
27,0.4363768379016155,0.2790805665196192,1,-3,3,0.9025088273555101,1,2693,2553,30,10375.png,0.822338119750745,0,0.9048630519843488,0.9001668211306766,5080,2501,0.18403237674760853,13590,val
27,0.4067627425291659,0.2553058187798575,0,1,1,0.8978390408500251,0,2119,3573,26,10520.png,0.8146169880145909,0,0.8750043729228616,0.9218974604695735,5355,3341,0.2517140058765916,13273,val
34,0.3221402721150763,0.191994757822312,0,5,5,0.8875239843163427,0,5888,4898,29,10618.png,0.7977915674621773,0,0.8967820791098561,0.8784550915508949,8819,4238,0.23934037386344384,17707,val
28,0.2542683228584154,0.14565143440299352,1,-2,2,0.8543689320388349,1,3392,9133,30,10624.png,0.7457627118644068,0,0.8009068515248621,0.915478919565434,9515,6732,0.4191780821917808,16060,val
25,0.4076344385622736,0.25599300087489063,0,0,0,0.8741845467526529,0,5644,7837,25,11852.png,0.7764900936748735,0,0.8566516068848201,0.8924501695948779,7247,4129,0.2409547152194211,17136,val
26,0.474025974025974,0.31063829787234043,1,-1,1,0.9386339329588484,1,2880,3489,27,11945.png,0.8843639928828207,0,0.9331583585577992,0.9441741456512047,6197,3429,0.19640300131737212,17459,val
24,0.4627277747101049,0.3010057471264368,1,-2,2,0.9495969934624726,1,4960,3382,26,12498.png,0.9040311076342552,0,0.9587379825289152,0.9406286658207847,7847,3297,0.15489053838203515,21286,val
26,0.49643203744933495,0.3301693370795049,0,1,1,0.9165367550065955,0,3065,2503,25,12627.png,0.8459324847814056,0,0.92432350718065,0.9088801022683355,4837,2405,0.16833484986351227,14287,val
26,0.3760599262329366,0.23157253910274422,0,3,3,0.925741399762752,0,4999,6269,23,12827.png,0.8617491166077739,0,0.9180576432912881,0.9335548614341729,9535,5569,0.2707867353885053,20566,val
28,0.530457359696425,0.36096765425387334,0,6,6,0.9050989056512583,0,2026,723,22,13220.png,0.8266490099634254,0,0.9477299016772701,0.8661380905186653,2544,723,0.08339100346020761,8670,val
28,0.3631018008085263,0.22182308037718904,0,1,1,0.9164516103259003,0,6038,4419,27,13436.png,0.8457874323467386,0,0.9284615758203688,0.9047483830257138,8891,4143,0.2099422316813621,19734,val
24,0.4851149159339812,0.320232155584971,0,1,1,0.9162424157891066,0,2596,1007,23,13441.png,0.8454311454311454,0,0.9513855363522256,0.8836031027216069,3498,956,0.08654716639507513,11046,val
25,0.44652070840886904,0.2874326750448833,0,0,0,0.9069467331096508,0,2873,1814,25,13454.png,0.8297369950595757,0,0.9264246603123099,0.8882709807886754,4381,1752,0.1469428835024742,11923,val
26,0.456278079924332,0.2955701243796336,0,0,0,0.9247154768425537,0,4959,2463,26,13480.png,0.8599728322390763,0,0.9487355604121136,0.9018816406481867,6520,2402,0.1386595855221382,17323,val
24,0.26297229219143575,0.1513921113689095,1,-5,5,0.7886899151743638,1,919,4686,29,13517.png,0.6511048863990041,0,0.6906113825432457,0.9192371913173389,4580,3686,0.4494025847354304,8202,val
30,0.2647373180958645,0.1525632521557851,0,1,1,0.873584856780166,0,5306,9333,29,13840.png,0.7755443115608709,0,0.8442267249724605,0.9050584214575841,11211,7221,0.37250451379932936,19385,val
25,0.27669350802966197,0.1605596620908131,1,-7,7,0.8648620047409414,1,5495,7275,32,13867.png,0.7619003225626014,0,0.8488719930200673,0.8814659821390052,9685,5638,0.3215833903718914,17532,val
25,0.22177136168552478,0.12471476215552045,0,7,7,0.8097185683019035,0,6237,2370,18,1399.png,0.6802748885586924,0,0.8854131412270947,0.7459470468431771,5623,1016,0.0958129007921539,10604,val
23,0.4545976069496804,0.29416131940393486,1,-1,1,0.9403342687778893,1,2571,5572,24,14041.png,0.8873876365647905,0,0.9201020949540429,0.9614762204441248,7554,5108,0.2668477693031031,19142,val
15,0.16310257339615802,0.08879242304656669,1,-1,1,0.6380715782936107,1,8471,853,16,1418.png,0.4685059567918828,0,0.9059744268077602,0.49245056920311564,4732,614,0.07628276804571997,8049,val
32,0.2926949806949807,0.17143684191482433,0,11,11,0.921664816297023,0,7149,11055,21,1452.png,0.8547108823177302,0,0.9064293331979076,0.9374212184873949,14270,8946,0.36506835339726584,24505,val
25,0.4406073474620408,0.28255061144794985,1,-2,2,0.9396147686702027,1,3149,5071,27,15040.png,0.88610699291979,0,0.9265328001854427,0.953071443474114,7831,4923,0.2500761962816215,19686,val
27,0.44864,0.2891914191419142,0,0,0,0.937545553578846,0,2791,5178,27,15067.png,0.8824336485549474,0,0.9203286558345642,0.9554188962542928,7591,4907,0.24802871006874241,19784,val
4,0.31607629427792916,0.18770226537216828,0,2,2,0.8303954969634129,0,180,965,2,1518.png,0.7099797365754813,0,0.743895966029724,0.9396580623533356,507,327,0.2868421052631579,1140,val
22,0.35948827292110874,0.21913179100597868,0,2,2,0.803672544895648,0,2555,2299,20,1522.png,0.6717830820204206,0,0.8120810854994278,0.7954363490792634,3181,997,0.1273145192184906,7831,val
27,0.38818398096748613,0.24083640836408365,1,-1,1,0.9112713156800222,1,6665,1015,28,15274.png,0.8370049662549344,0,0.974909153832843,0.8554324013621674,6935,988,0.0589885963341095,16749,val
29,0.4933157597439277,0.32741814546363407,0,1,1,0.9313014460511679,0,3495,2681,28,15369.png,0.8714351138681877,0,0.9398109691758525,0.922944639195714,5830,2577,0.14914920708415325,17278,val
25,0.35788797945755096,0.2179437060203284,1,-1,1,0.9018459986963634,1,6708,1273,26,15446.png,0.8212381848317878,0,0.966445252780853,0.8453415719456805,6929,1261,0.08024691358024691,15714,val
29,0.25058339052848316,0.14323825964141396,1,-4,4,0.8760854599693233,1,5708,14812,33,1560.png,0.779494729150324,0,0.8304312486405422,0.9270515163520646,13722,9700,0.4294695829274772,22586,val
29,0.22975102426725497,0.12978458251735803,0,2,2,0.8976236455315953,0,9827,13075,27,1572.png,0.8142624267049463,0,0.8847773978638654,0.9108484232681351,15518,9180,0.3715696591920991,24706,val
25,0.1962603992202301,0.10880750144609858,0,0,0,0.8883331926507414,0,11817,19933,25,1585.png,0.7991002220970773,0,0.8636798840119818,0.9144352888361114,19651,12590,0.43272039869393364,29095,val
21,0.5301007899754835,0.36063750926612304,0,0,0,0.9199832191301915,0,639,2222,21,1590.png,0.851823078516677,0,0.8809791633188708,0.9626009598501697,2785,2159,0.2396758436944938,9008,val
27,0.4165490993799009,0.2630641084082715,0,1,1,0.9322967245782929,0,5520,6541,26,1620.png,0.8731796052700757,0,0.926983914358751,0.9376707843092974,10215,5960,0.2476214217458141,24069,val
24,0.2388905457798986,0.13564775613886537,1,-1,1,0.9149379681143169,1,13147,16438,25,1660.png,0.843212591748589,0,0.9063617927860187,0.923677992766622,19991,10119,0.30834628393820274,32817,val
25,0.23363598206198777,0.1322694414567648,0,0,0,0.9256587547148221,0,17014,16768,25,1666.png,0.8616058992216304,0,0.9261601331654087,0.9251579188147732,22699,12285,0.34774116847826086,35328,val
23,0.27455435635261977,0.15912083777513011,1,-1,1,0.9264087978018595,1,13990,8481,24,1674.png,0.8629064730644866,0,0.9434298292422625,0.9099910570099531,16881,6494,0.22207023903156312,29243,val
28,0.3049729665498188,0.17992218444389918,0,1,1,0.9193203874890321,0,11114,7092,27,1678.png,0.8506872683134862,0,0.9360031763792885,0.9032218739115291,14479,5830,0.21305364712761293,27364,val
23,0.22288934534154947,0.1254223223282556,1,-3,3,0.903463445404243,1,15482,14055,26,1694.png,0.8239246029853593,0,0.9076968542720169,0.8992693416267071,19893,9368,0.3043930335326228,30776,val
27,0.21280542592968318,0.11907233214401557,0,2,2,0.9040244280075417,0,16006,8479,25,1736.png,0.8248581912861853,0,0.9315077345611696,0.8781163856779519,16782,6346,0.2314031505250875,27424,val
26,0.1911836524868269,0.10569544705280509,0,7,7,0.9004612665430874,0,20116,19137,19,1742.png,0.8189445620638282,0,0.9027022904644483,0.8982313420754412,21179,10825,0.3549063965115898,30501,val
23,0.341471266834791,0.20588806211582011,0,1,1,0.9456680912997963,0,11152,7065,22,1807.png,0.8969358543512452,0,0.9573374717696647,0.9342797706392282,14518,6453,0.22553474066825108,28612,val
21,0.2584201821857034,0.14838262337584035,0,1,1,0.9326549486223343,0,9868,15109,20,1812.png,0.87380828478899,0,0.9196590467986451,0.9460234110053605,17958,11118,0.37529113924050633,29625,val
25,0.23781545861365644,0.13495491137753515,0,4,4,0.9168433668295382,0,12032,13224,21,1827.png,0.8464550174482934,0,0.9132590814278405,0.9204558977139004,15817,10838,0.4225341130604289,25650,val
47,0.3189582177581827,0.1897384235939834,0,21,21,0.9234991761587507,0,8585,8501,26,1828.png,0.8578713138959364,0,0.9238466362089044,0.9231519773707861,13825,7670,0.2877616868012306,26654,val
31,0.3021677352685596,0.1779726664084546,0,11,11,0.9354862083392742,0,18420,9181,20,1846.png,0.8787920040752516,0,0.9561338964910939,0.9157114421030956,18252,7764,0.2376273987696263,32673,val
28,0.22376409366869038,0.1259765625,0,10,10,0.9055819779816887,0,23955,13129,18,1855.png,0.8274552865198861,0,0.9312506218286738,0.8812904184940162,19625,8779,0.28891594813400906,30386,val
28,0.3314314695067833,0.1986322188449848,0,1,1,0.9121444149063181,0,6857,4181,27,1880.png,0.8384793233632825,0,0.9319952505652153,0.8931215611702542,9183,3762,0.1961111400719387,19183,val
16,0.2568159948679568,0.14732580961727185,1,-5,5,0.7649913344887348,1,5264,1516,21,1884.png,0.6194218355318551,0,0.8792128117281491,0.6770354009448433,4697,1404,0.15304120340091562,9174,val
41,0.2104460365149064,0.11759692124906372,0,20,20,0.9032246324064638,0,27955,14589,21,1886.png,0.8235274597643936,0,0.9315472140762463,0.876573462080171,21453,9753,0.2985307621671258,32670,val
20,0.23907398198795513,0.13576605691694643,0,0,0,0.9155442446854182,0,13231,14114,20,1901.png,0.8442430594319955,0,0.9130541917440291,0.9180479163569695,17664,9781,0.3478802105562669,28116,val
26,0.2328752530094812,0.13178201109235593,0,8,8,0.9172126168287946,0,15093,15298,18,1931.png,0.8470846918649116,0,0.9167006986076852,0.9177251071159905,17619,10029,0.3628174517039288,27642,val
26,0.29161933785842914,0.17069927348209651,0,4,4,0.9247887247520992,0,8790,13388,22,1934.png,0.8600995414030418,0,0.9105899009596826,0.9394373669379009,15785,9633,0.3473729760917385,27731,val
27,0.4363927305977826,0.279093567251462,0,0,0,0.9100414962623403,0,1891,4114,27,2024.png,0.8349322411281234,0,0.8807121317559731,0.9413916008058267,5592,3847,0.2763649425287356,13920,val
26,0.35925601144597774,0.2189592123769339,0,6,6,0.9140226005941856,0,4408,5171,20,2044.png,0.8416589526580269,0,0.9078055912138069,0.9203253502033438,8133,4545,0.2706646021915198,16792,val
24,0.17166637766603088,0.09389226100151746,0,19,19,0.6626104300349548,0,2214,31279,5,2246.png,0.4954505739507698,0,0.5125451938661015,0.9369284676523374,4380,2626,0.36892385501545377,7118,val
23,0.3851315927440495,0.2384910070774625,1,-1,1,0.9038387236073547,1,1830,6632,24,2248.png,0.8245490358697906,0,0.8570689655172414,0.9560075003605942,7071,5363,0.36168060426220666,14828,val
20,0.4239957994224206,0.269032150591371,1,-3,3,0.7929979189619293,1,2276,1106,23,2709.png,0.6569979716024341,0,0.8541666666666666,0.7400045693397304,2738,1037,0.14461023567145448,7171,val
22,0.42133274198913406,0.2668914173338952,0,0,0,0.863964512481517,0,2511,617,22,2853.png,0.7605083837378455,0,0.9415165876777252,0.7982160077145612,2922,616,0.07679840418900387,8021,val
24,0.3592010609653177,0.21891838934064858,0,6,6,0.9265241541827975,0,5497,5416,18,3058.png,0.8631066621508047,0,0.9270297216458732,0.9260191378544608,9393,4721,0.24748374921367164,19076,val
31,0.2629297721548644,0.15136392757190545,0,6,6,0.9196481734110146,0,16723,4599,25,3249.png,0.8512487791265523,0,0.9636778631621347,0.8794660554558494,15292,3977,0.14724176231025546,27010,val
25,0.48129193676788357,0.3169087913733713,1,-2,2,0.9189728096676737,1,3301,2063,27,3269.png,0.8500922251411324,0,0.9364859456297527,0.9021026720839883,5063,1991,0.1454983922829582,13684,val
27,0.6079173838209982,0.43669634025717113,0,2,2,0.9300384338217631,0,1564,766,25,3352.png,0.8692260200931694,0,0.9528702393404295,0.9082751744765702,2273,712,0.0720501922687715,9882,val
24,0.5244032775204845,0.3553838725253501,1,-1,1,0.9258838861563039,1,2755,771,25,3353.png,0.8619960861056751,0,0.9661767931563939,0.8888171435489729,3491,768,0.06519524617996604,11780,val
26,0.48741455142811724,0.3222393497757848,1,-2,2,0.9282843347910715,1,3022,2652,28,3354.png,0.8661666194924049,0,0.9326459084675166,0.9239633655394525,5309,2422,0.1590909090909091,15224,val
26,0.447128598293071,0.287936655798789,0,1,1,0.8973955287661374,0,3840,722,25,3366.png,0.8138870757180157,0,0.9650735294117647,0.8385876418663304,4240,708,0.06149570051246417,11513,val
22,0.4301708898055392,0.27402402402402404,1,-3,3,0.9191734977814545,1,3495,5103,25,3392.png,0.8504357506914607,0,0.9054859979256186,0.9332811545510079,7641,4294,0.24421316043906047,17583,val
20,0.3433874709976798,0.20728291316526612,1,-3,3,0.933847512614007,1,6365,8765,23,3460.png,0.8759042666622923,0,0.9241499865867061,0.9437507180289333,12370,6883,0.2836712825585229,24264,val
26,0.49548557586434705,0.32933255269320844,0,0,0,0.9203531956502415,0,3045,2331,26,3468.png,0.8524576666575184,0,0.9301928605654048,0.9107195214918197,5027,2240,0.15518913676042678,14434,val
23,0.28828642917945674,0.168419783598059,1,-1,1,0.9199350663623034,1,10830,14669,24,3493.png,0.8517405182889604,0,0.9089780899608462,0.9311594202898551,17580,10627,0.3444732576985413,30850,val
27,0.4931293463143255,0.32725393192054936,0,1,1,0.9218408477667737,0,3904,1281,26,3567.png,0.855013701694536,0,0.9597903195429719,0.8867782256895101,4943,1271,0.08748021198981348,14529,val
28,0.5270915333724143,0.35785763020241074,0,4,4,0.9122314281702009,0,2549,576,24,3595.png,0.8386263878130648,0,0.9657469077069457,0.864335515461174,3017,576,0.055954925199145134,10294,val
29,0.3577051594268562,0.21780812469825506,0,5,5,0.9070638216163023,0,6757,987,24,3596.png,0.8299330185571538,0,0.9745474237969983,0.8483209122744007,6521,967,0.0646433585132696,14959,val
29,0.45877446262431826,0.29766860949208995,0,1,1,0.9288746924847234,0,3560,3610,28,3602.png,0.8671951693863564,0,0.9284142061115628,0.9293356358800294,6561,3375,0.19842436357222648,17009,val
27,0.47867191896454697,0.31464082266775173,0,0,0,0.9127124700910475,0,3801,1817,27,3678.png,0.8394398399542726,0,0.94174228093238,0.8854188647393965,5231,1640,0.11969929202248011,13701,val
18,0.2819647544056993,0.1641204714098647,1,-5,5,0.8788764999599805,1,10084,9589,23,3700.png,0.7839247860994871,0,0.8815631831824413,0.8762061430430406,12229,5453,0.2635063303372958,20694,val
28,0.5083284799068142,0.3407777604248009,0,3,3,0.9275397909536015,0,3304,1417,25,3725.png,0.8648710536107851,0,0.9552050074289508,0.9014319809069212,4524,1392,0.10131004366812227,13740,val
22,0.30934374237618933,0.18297258297258298,0,0,0,0.8286790084719171,0,3229,47,22,3732.png,0.7074738815965711,0,0.9941028858218318,0.7104555236728838,3104,47,0.006212822207534699,7565,val
21,0.3363746467501009,0.20219374878664337,1,-2,2,0.9110243378988628,1,5606,6334,23,3777.png,0.8365883367320405,0,0.9061087146647693,0.9159935863815504,10017,5222,0.2796551170138703,18673,val
20,0.36129258560968125,0.2204741263980307,1,-6,6,0.9099072081289913,1,5036,5178,26,3840.png,0.8347061964947486,0,0.9087689624187325,0.9110483087520975,8989,4832,0.26682864873819645,18109,val
26,0.25642067620286085,0.14706567845988905,0,1,1,0.8991215703285977,0,11638,2315,25,4047.png,0.8167310268736702,0,0.9641063011659637,0.8423441119494981,10853,2131,0.10551594375123786,20196,val
24,0.2801654986067719,0.16290259230164963,1,-1,1,0.8649994491572105,1,11228,7153,25,4193.png,0.7621136822487964,0,0.891686856450636,0.8398630820794409,11101,5761,0.28718843469591226,20060,val
22,0.18030297680002824,0.0990840642707444,0,0,0,0.8803002812736994,0,9556,15382,22,5355.png,0.7861931788953858,0,0.8563530752133879,0.9056253456585289,14915,9447,0.44494159758854557,21232,val
26,0.2628925940286933,0.1513392857142857,1,-1,1,0.8270781393886306,1,3996,3703,27,5825.png,0.7051434261422389,0,0.8325570879493557,0.8216708318457694,5910,2921,0.2680800293685756,10896,val
19,0.28531894285318943,0.16639767591994836,0,1,1,0.7830892826619565,0,724,3083,18,5882.png,0.6435059462496489,0,0.6903063787041688,0.9046866771985256,2863,2166,0.3672431332655137,5898,val
23,0.2794491711253399,0.1624184339314845,1,-4,4,0.8289760348583878,1,2585,3381,27,6503.png,0.707906976744186,0,0.810482062780269,0.8483337244778221,4865,2806,0.2946859903381642,9522,val
25,0.42781883646010993,0.27211802709608984,0,4,4,0.9436642909227766,0,4906,4674,21,6605.png,0.8933374899795137,0,0.9449534801554588,0.9423786145498109,8589,4238,0.20609833195545396,20563,val
23,0.40271462036654265,0.25212440150109994,1,-1,1,0.9354451250805298,1,5801,6023,24,6606.png,0.8787194978100992,0,0.9343126990359029,0.9365802995517656,10243,5517,0.24467802022352314,22548,val
26,0.47479741793709657,0.31130121566861774,0,1,1,0.9073808385142675,0,1398,3250,25,6698.png,0.8304639626495477,0,0.8750864785917442,0.9421501282794008,4298,2927,0.24553309286133715,11921,val
29,0.4635222933095274,0.30167850225952225,0,1,1,0.909277112688491,0,4381,3326,28,6918.png,0.8336463122450302,0,0.920711356918089,0.89812338674046,6065,3201,0.19410587593232673,16491,val
29,0.4818888678171819,0.3174266083697689,0,5,5,0.9376082490836589,0,3741,2455,24,6947.png,0.8825447376402791,0,0.9499092040562322,0.9256218064695707,5935,2401,0.14082111436950145,17050,val
28,0.34920822500590876,0.21153983821318634,1,-1,1,0.8734140369501566,1,4319,3074,29,7253.png,0.7752750927108031,0,0.8924385037964939,0.8551837446351931,6369,2755,0.19454840759833344,14161,val
26,0.35778080865854195,0.2178642233295826,1,-6,6,0.9099027385102431,1,5527,4320,32,7259.png,0.8346986738291086,0,0.920063653017042,0.8999638009049774,8383,3949,0.21512229667156943,18357,val
31,0.419652670916685,0.2655445820002782,0,2,2,0.9135779045657212,0,3942,2435,29,7269.png,0.8409051218721154,0,0.9326249965413242,0.8952932426689333,5901,2412,0.15997877561849175,15077,val
26,0.3789387850195119,0.233759701063524,0,1,1,0.9049671469045754,0,3744,2562,25,7312.png,0.8264292202251521,0,0.921379691287937,0.8891290828866713,5952,2506,0.18184456860895437,13781,val
29,0.4731528733081873,0.30988883237666204,0,1,1,0.9210857293281465,0,2643,2753,28,7654.png,0.8537154010898148,0,0.9196063543978508,0.9225698716821937,5189,2661,0.17721097496004262,15016,val
32,0.3557485801555863,0.2163589922210612,0,0,0,0.9079994533163721,0,5350,3401,32,8253.png,0.8315009146047945,0,0.9269936674895353,0.8897679976923394,7786,3139,0.18401922851448002,17058,val
