accepted,accepted_images,mean_delta_boundary_f1,mean_delta_boundary_iou,mean_delta_dice,mean_delta_gap_region_fp_rate,mean_delta_iou,mean_delta_recall,precision_useful,risk,risk_rate,risk_threshold,useful,useful_threshold
1,1,-0.00013038512094937227,-0.00011208973469029049,0.00025320573528397894,-0.0005530973451327303,0.0004242936821069465,0.0,0.0,1,1.0,0.1,0,0.1
4,4,0.0005623879080706162,0.00035437673482882626,0.0001572105021847292,-0.0006665516805079291,0.000230369567712857,-0.00020905335024606897,0.25,3,0.75,0.15,1,0.1
10,10,0.00022246842924340539,0.00011212310073388243,8.866697860884231e-05,-0.000681699058935676,0.00013604401309533776,-0.00020827682041767436,0.3,6,0.6,0.2,3,0.1
13,13,8.609569632820421e-05,2.331477389651602e-05,2.3422476662213413e-05,-0.0006222456573492086,2.6899526395212776e-05,-0.00028476843306484827,0.3076923076923077,8,0.6153846153846154,0.25,4,0.1
16,16,-0.00022814588906412692,-0.00020774028880576195,-2.3693778423997114e-05,-0.0005751444068963015,-4.627220613317301e-05,-0.0003404160986755708,0.3125,10,0.625,0.3,5,0.1
22,22,-0.0002313909103248867,-0.0002077161964026875,-7.1490397281291e-05,-0.0005231565553317645,-0.00012868407165721565,-0.00038332537497066564,0.3181818181818182,14,0.6363636363636364,0.35,7,0.1
29,29,-0.00029292911986254636,-0.0002486755353476407,-8.352556038815733e-05,-0.0005382830466707116,-0.00015290265903227776,-0.00043646448513565616,0.3103448275862069,19,0.6551724137931034,0.4,9,0.1
35,35,-0.00014084734401913887,-0.00015429531741276584,-8.890250582711851e-05,-0.000711028077439992,-0.0001619068581854978,-0.00044875011556147243,0.2857142857142857,23,0.6571428571428571,0.45,10,0.1
38,38,-0.00015561884350430286,-0.00016204638737072187,-0.00010969073536921728,-0.00069159508720376,-0.00019701220153266563,-0.00047756314649317097,0.2894736842105263,25,0.6578947368421053,0.5,11,0.1
43,43,-0.00025353407434618977,-0.0002344866538998882,-0.00013626114836711115,-0.0006668502667387017,-0.00023388761122134337,-0.0004964737103397688,0.2558139534883721,29,0.6744186046511628,0.55,11,0.1
49,49,-0.00018977388703902748,-0.00019059912295159184,-0.0001302423964790563,-0.00066587286293296,-0.000223722045661351,-0.000481166940738026,0.2653061224489796,32,0.6530612244897959,0.6,13,0.1
57,57,-0.00028174222026007193,-0.0002492275968759563,-0.0001226161558227537,-0.000643849460963445,-0.00020924223181466526,-0.00047116016056198155,0.2807017543859649,37,0.6491228070175439,0.65,16,0.1
64,64,-0.00019090279612111755,-0.000170099445021633,-0.00012338116509741717,-0.0007127261438910645,-0.0002092268921566028,-0.00047796907944105613,0.28125,42,0.65625,0.7,18,0.1
66,66,-0.00013656943237124708,-0.0001242582310587485,-0.0001145881995414453,-0.0007316119892255334,-0.00019438410631895478,-0.000471549827813214,0.30303030303030304,42,0.6363636363636364,0.75,20,0.1
75,75,-0.00019952896229037177,-0.00016845026749184606,-0.00012702043330016158,-0.0006603113452341887,-0.00021774223993934472,-0.0004792312772408754,0.25333333333333335,52,0.6933333333333334,0.8,19,0.1
1,1,-0.00013038512094937227,-0.00011208973469029049,0.00025320573528397894,-0.0005530973451327303,0.0004242936821069465,0.0,0.0,1,1.0,0.1,0,0.15
3,3,0.000132858638743479,8.136152890661497e-05,0.0002950853365698188,-0.0005846293176407872,0.00044929497040691047,-5.7523332901913506e-05,0.3333333333333333,2,0.6666666666666666,0.15,1,0.15
9,9,4.152317515355842e-05,-5.799038361848425e-06,0.0001270093096732181,-0.0006560746466941561,0.00019853853014696455,-0.00015768053354424537,0.3333333333333333,5,0.5555555555555556,0.2,3,0.15
12,12,-6.0977638648781106e-05,-7.252752432839599e-05,4.6742183131609494e-05,-0.0005980728980358631,6.467504029225579e-05,-0.0002531955189637077,0.3333333333333333,7,0.5833333333333334,0.25,4,0.15
15,15,-0.0003667539960718706,-0.0002998177982325101,-8.179096920894283e-06,-0.0005526661160820979,-2.0929910517430982e-05,-0.0003188676117687065,0.3333333333333333,9,0.6,0.3,5,0.15
21,21,-0.0003305512258666445,-0.0002734846987359326,-6.26845113913268e-05,-0.0005046250213423554,-0.00011450680648044955,-0.0003699768974798147,0.3333333333333333,13,0.6190476190476191,0.35,7,0.15
27,27,-0.0002576491936459529,-0.00021063654310338702,-6.200510994404642e-05,-0.0005443662809015289,-0.00011650175585745207,-0.0004099230241096395,0.3333333333333333,17,0.6296296296296297,0.4,9,0.15
33,33,-0.00010276487251808317,-0.00011745249236838407,-7.162074003581329e-05,-0.0007264746648875868,-0.0001326700100820477,-0.00042777895838417494,0.30303030303030304,21,0.6363636363636364,0.45,10,0.15
36,36,-0.0001215305501552887,-0.0001287044127443695,-9.50040183684152e-05,-0.0007046748484620423,-0.0001721620542904568,-0.0004599403096879648,0.3055555555555556,23,0.6388888888888888,0.5,11,0.15
41,41,-0.00022837924266617181,-0.00020874444527817226,-0.0001246616121224017,-0.0006771278707476785,-0.00021386677021299793,-0.0004819224665033243,0.2682926829268293,27,0.6585365853658537,0.55,11,0.15
47,47,-0.00016511711100721768,-0.00016627559921995468,-0.00011986753499375424,-0.0006747968407362911,-0.00020582447943875214,-0.00046782195059977684,0.2765957446808511,30,0.6382978723404256,0.6,13,0.15
52,52,-0.00023579080745601458,-0.00021421421272642966,-0.0001197520612775671,-0.0006682597713027571,-0.00020357063900985586,-0.00047000057898792844,0.3076923076923077,32,0.6153846153846154,0.65,16,0.15
59,59,-0.0001815827840033418,-0.00016667049713191837,-0.00011866199966521421,-0.0007084470270117579,-0.0002012379730087339,-0.0004694951346196625,0.3050847457627119,37,0.6271186440677966,0.7,18,0.15
61,61,-0.00012310144001554017,-0.00011718423113567335,-0.00010930302596308736,-0.0007290211913696851,-0.00018544049715645472,-0.00046282754908204293,0.32786885245901637,37,0.6065573770491803,0.75,20,0.15
67,67,-0.00016700266121848776,-0.00014961806926009827,-0.0001187558071917954,-0.000676604625561275,-0.0002039497923725922,-0.0004730778712644188,0.2835820895522388,44,0.6567164179104478,0.8,19,0.15
1,1,-0.00013038512094937227,-0.00011208973469029049,0.00025320573528397894,-0.0005530973451327303,0.0004242936821069465,0.0,0.0,1,1.0,0.1,0,0.2
3,3,0.000132858638743479,8.136152890661497e-05,0.0002950853365698188,-0.0005846293176407872,0.00044929497040691047,-5.7523332901913506e-05,0.3333333333333333,2,0.6666666666666666,0.15,1,0.2
9,9,4.152317515355842e-05,-5.799038361848425e-06,0.0001270093096732181,-0.0006560746466941561,0.00019853853014696455,-0.00015768053354424537,0.3333333333333333,5,0.5555555555555556,0.2,3,0.2
12,12,-6.0977638648781106e-05,-7.252752432839599e-05,4.6742183131609494e-05,-0.0005980728980358631,6.467504029225579e-05,-0.0002531955189637077,0.3333333333333333,7,0.5833333333333334,0.25,4,0.2
15,15,-0.0003667539960718706,-0.0002998177982325101,-8.179096920894283e-06,-0.0005526661160820979,-2.0929910517430982e-05,-0.0003188676117687065,0.3333333333333333,9,0.6,0.3,5,0.2
21,21,-0.0003305512258666445,-0.0002734846987359326,-6.26845113913268e-05,-0.0005046250213423554,-0.00011450680648044955,-0.0003699768974798147,0.3333333333333333,13,0.6190476190476191,0.35,7,0.2
27,27,-0.0002576491936459529,-0.00021063654310338702,-6.200510994404642e-05,-0.0005443662809015289,-0.00011650175585745207,-0.0004099230241096395,0.3333333333333333,17,0.6296296296296297,0.4,9,0.2
33,33,-0.00010276487251808317,-0.00011745249236838407,-7.162074003581329e-05,-0.0007264746648875868,-0.0001326700100820477,-0.00042777895838417494,0.30303030303030304,21,0.6363636363636364,0.45,10,0.2
34,34,-0.00011171735745904984,-0.00012233188785239172,-9.545242141960423e-05,-0.0007051077629791284,-0.0001731514163843719,-0.00046232161220923184,0.29411764705882354,22,0.6470588235294118,0.5,10,0.2
39,39,-0.0002253035717264191,-0.0002072935278099764,-0.00012657342984671966,-0.0006760926178797861,-0.0002168679943934645,-0.0004851257639226524,0.2564102564102564,26,0.6666666666666666,0.55,10,0.2
44,44,-0.00010163146635314462,-0.00011240795783141296,-0.00011509227127955535,-0.0006867640093533259,-0.00019750948284579214,-0.00046308538625227204,0.2727272727272727,28,0.6363636363636364,0.6,12,0.2
49,49,-0.00018311025081452838,-0.00016877828659221718,-0.00011545699955158114,-0.0006786055715241638,-0.00019596612122665323,-0.00046588072294454565,0.30612244897959184,30,0.6122448979591837,0.65,15,0.2
56,56,-0.00016812260974878094,-0.00015685688060248885,-0.00011697367333120466,-0.0007214954283991171,-0.0001978333660961112,-0.00047039082996698907,0.30357142857142855,35,0.625,0.7,17,0.2
58,58,-0.00010708051259797443,-0.00010514938072814253,-0.00010718883293186468,-0.0007426838287966834,-0.00018133617966225283,-0.0004633474832688952,0.3275862068965517,35,0.603448275862069,0.75,19,0.2
63,63,-0.0001545977848981647,-0.00014044638629906017,-0.00010979051069222246,-0.0006974266557025757,-0.00018811862139986885,-0.0004645944670719462,0.2857142857142857,41,0.6507936507936508,0.8,18,0.2
1,1,-0.00013038512094937227,-0.00011208973469029049,0.00025320573528397894,-0.0005530973451327303,0.0004242936821069465,0.0,0.0,1,1.0,0.1,0,0.25
3,3,0.000132858638743479,8.136152890661497e-05,0.0002950853365698188,-0.0005846293176407872,0.00044929497040691047,-5.7523332901913506e-05,0.3333333333333333,2,0.6666666666666666,0.15,1,0.25
9,9,4.152317515355842e-05,-5.799038361848425e-06,0.0001270093096732181,-0.0006560746466941561,0.00019853853014696455,-0.00015768053354424537,0.3333333333333333,5,0.5555555555555556,0.2,3,0.25
12,12,-6.0977638648781106e-05,-7.252752432839599e-05,4.6742183131609494e-05,-0.0005980728980358631,6.467504029225579e-05,-0.0002531955189637077,0.3333333333333333,7,0.5833333333333334,0.25,4,0.25
15,15,-0.0003667539960718706,-0.0002998177982325101,-8.179096920894283e-06,-0.0005526661160820979,-2.0929910517430982e-05,-0.0003188676117687065,0.3333333333333333,9,0.6,0.3,5,0.25
21,21,-0.0003305512258666445,-0.0002734846987359326,-6.26845113913268e-05,-0.0005046250213423554,-0.00011450680648044955,-0.0003699768974798147,0.3333333333333333,13,0.6190476190476191,0.35,7,0.25
26,26,-0.00040658332004934485,-0.00033056214855617703,-9.503332067087952e-05,-0.0004498348530087594,-0.00016850383876367751,-0.0003978723667400699,0.3076923076923077,17,0.6538461538461539,0.4,8,0.25
32,32,-0.0002189337151855932,-0.00021198004521330712,-9.87566496917329e-05,-0.0006553587667242758,-0.0001754269603878745,-0.00041854579721747887,0.28125,21,0.65625,0.45,9,0.25
33,33,-0.0002246372195893919,-0.00021414282986819612,-0.00012248820294606539,-0.0006354994101568735,-0.00021583941081130466,-0.00045441499089077074,0.2727272727272727,22,0.6666666666666666,0.5,9,0.25
38,38,-0.0003263546681624364,-0.0002892599153489009,-0.00015087084560462319,-0.0006148797023999505,-0.0002550895837118296,-0.00047885959677013146,0.23684210526315788,26,0.6842105263157895,0.55,9,0.25
43,43,-0.00018805633982280466,-0.00018263672891282148,-0.0001362974024477686,-0.0006329170466379722,-0.00023083650337021543,-0.00045703527626468653,0.2558139534883721,28,0.6511627906976745,0.6,11,0.25
47,47,-0.0002008683556957613,-0.00017777775045841864,-0.0001247066090286896,-0.0006436061616717125,-0.00020866949242737723,-0.0004474665878377316,0.2978723404255319,29,0.6170212765957447,0.65,14,0.25
52,52,-0.0001704269039493686,-0.00014966427004048244,-0.0001279250861907841,-0.0006915592917089436,-0.00021343618951700632,-0.00045829155129572017,0.28846153846153844,33,0.6346153846153846,0.7,15,0.25
52,52,-0.0001704269039493686,-0.00014966427004048244,-0.0001279250861907841,-0.0006915592917089436,-0.00021343618951700632,-0.00045829155129572017,0.28846153846153844,33,0.6346153846153846,0.75,15,0.25
56,56,-0.00017690765655640445,-0.00015339767353474365,-0.00012031804122376469,-0.0006832817468444939,-0.0002037668052039403,-0.00045786646593251205,0.26785714285714285,37,0.6607142857142857,0.8,15,0.25
1,1,-0.00013038512094937227,-0.00011208973469029049,0.00025320573528397894,-0.0005530973451327303,0.0004242936821069465,0.0,0.0,1,1.0,0.1,0,0.3
3,3,0.000132858638743479,8.136152890661497e-05,0.0002950853365698188,-0.0005846293176407872,0.00044929497040691047,-5.7523332901913506e-05,0.3333333333333333,2,0.6666666666666666,0.15,1,0.3
9,9,4.152317515355842e-05,-5.799038361848425e-06,0.0001270093096732181,-0.0006560746466941561,0.00019853853014696455,-0.00015768053354424537,0.3333333333333333,5,0.5555555555555556,0.2,3,0.3
12,12,-6.0977638648781106e-05,-7.252752432839599e-05,4.6742183131609494e-05,-0.0005980728980358631,6.467504029225579e-05,-0.0002531955189637077,0.3333333333333333,7,0.5833333333333334,0.25,4,0.3
15,15,-0.0003667539960718706,-0.0002998177982325101,-8.179096920894283e-06,-0.0005526661160820979,-2.0929910517430982e-05,-0.0003188676117687065,0.3333333333333333,9,0.6,0.3,5,0.3
20,20,-0.0002061385884912212,-0.0001970353919325346,-5.04312134407714e-05,-0.0005271038020673409,-9.399063000976593e-05,-0.00035958440648384824,0.35,12,0.6,0.35,7,0.3
25,25,-0.00031009449391631417,-0.00027168580110626837,-8.652463468161731e-05,-0.00046562627085540404,-0.00015425077887845973,-0.00039067419271370695,0.32,16,0.64,0.4,8,0.3
30,30,-0.0002562566224179589,-0.00024142521780600029,-0.00010310518442705845,-0.0005845444013499288,-0.00018325975350816742,-0.00041828653149311723,0.26666666666666666,20,0.6666666666666666,0.45,8,0.3
31,31,-0.000261124130098378,-0.00024277769267756945,-0.0001282275303192406,-0.0005656881303386408,-0.00022602678805180943,-0.00045647823010418155,0.25806451612903225,21,0.6774193548387096,0.5,8,0.3
36,36,-0.00036342492157701023,-0.0003180908852947893,-0.0001573898576569995,-0.0005536188943477544,-0.00026604261260784897,-0.0004819943086416441,0.2222222222222222,25,0.6944444444444444,0.55,8,0.3
41,41,-0.0002138595707068387,-0.00020275059586842694,-0.00014131051336415488,-0.000580006939286679,-0.0002392707199451781,-0.00045872310520038325,0.24390243902439024,27,0.6585365853658537,0.6,10,0.3
45,45,-0.00022494738898445703,-0.00019588776353110792,-0.00012875896371166028,-0.000595874246753145,-0.00021536880037599485,-0.0004485791124935017,0.28888888888888886,28,0.6222222222222222,0.65,13,0.3
48,48,-0.00017360233305613546,-0.00016198264214853866,-0.0001338422103304033,-0.0006514415337052175,-0.0002229802782660178,-0.00046227350308291015,0.2708333333333333,31,0.6458333333333334,0.7,13,0.3
48,48,-0.00017360233305613546,-0.00016198264214853866,-0.0001338422103304033,-0.0006514415337052175,-0.0002229802782660178,-0.00046227350308291015,0.2708333333333333,31,0.6458333333333334,0.75,13,0.3
50,50,-0.00018120980778056463,-0.00016707487012638218,-0.00012159574595409728,-0.0006498306042149604,-0.00020549083198856733,-0.00045551070463554664,0.26,33,0.66,0.8,13,0.3
1,1,-0.00013038512094937227,-0.00011208973469029049,0.00025320573528397894,-0.0005530973451327303,0.0004242936821069465,0.0,0.0,1,1.0,0.1,0,0.35
3,3,0.000132858638743479,8.136152890661497e-05,0.0002950853365698188,-0.0005846293176407872,0.00044929497040691047,-5.7523332901913506e-05,0.3333333333333333,2,0.6666666666666666,0.15,1,0.35
9,9,4.152317515355842e-05,-5.799038361848425e-06,0.0001270093096732181,-0.0006560746466941561,0.00019853853014696455,-0.00015768053354424537,0.3333333333333333,5,0.5555555555555556,0.2,3,0.35
12,12,-6.0977638648781106e-05,-7.252752432839599e-05,4.6742183131609494e-05,-0.0005980728980358631,6.467504029225579e-05,-0.0002531955189637077,0.3333333333333333,7,0.5833333333333334,0.25,4,0.35
15,15,-0.0003667539960718706,-0.0002998177982325101,-8.179096920894283e-06,-0.0005526661160820979,-2.0929910517430982e-05,-0.0003188676117687065,0.3333333333333333,9,0.6,0.3,5,0.35
20,20,-0.0002061385884912212,-0.0001970353919325346,-5.04312134407714e-05,-0.0005271038020673409,-9.399063000976593e-05,-0.00035958440648384824,0.35,12,0.6,0.35,7,0.35
25,25,-0.00031009449391631417,-0.00027168580110626837,-8.652463468161731e-05,-0.00046562627085540404,-0.00015425077887845973,-0.00039067419271370695,0.32,16,0.64,0.4,8,0.35
30,30,-0.0002562566224179589,-0.00024142521780600029,-0.00010310518442705845,-0.0005845444013499288,-0.00018325975350816742,-0.00041828653149311723,0.26666666666666666,20,0.6666666666666666,0.45,8,0.35
31,31,-0.000261124130098378,-0.00024277769267756945,-0.0001282275303192406,-0.0005656881303386408,-0.00022602678805180943,-0.00045647823010418155,0.25806451612903225,21,0.6774193548387096,0.5,8,0.35
35,35,-0.0004547938753980185,-0.0003834616120160716,-0.00016605421641907115,-0.0005071533673378251,-0.00028100019264971156,-0.0004926277967378941,0.22857142857142856,25,0.7142857142857143,0.55,8,0.35
40,40,-0.00029006827152846664,-0.0002570664745138899,-0.00014848984367364648,-0.0005400093042764641,-0.0002516893051652411,-0.0004674456271985705,0.25,27,0.675,0.6,10,0.35
43,43,-0.0002964028858990226,-0.0002475456061783864,-0.00014644147797703109,-0.0005481709984058957,-0.000242692677266188,-0.0004668892520217369,0.3023255813953488,27,0.627906976744186,0.65,13,0.35
45,45,-0.00022133189759906166,-0.00019848501990775918,-0.00014807994228131565,-0.0006137657973555304,-0.00024528891633387453,-0.00047797365748986445,0.28888888888888886,29,0.6444444444444445,0.7,13,0.35
45,45,-0.00022133189759906166,-0.00019848501990775918,-0.00014807994228131565,-0.0006137657973555304,-0.00024528891633387453,-0.00047797365748986445,0.28888888888888886,29,0.6444444444444445,0.75,13,0.35
46,46,-0.0002254788340460725,-0.00020208335503390078,-0.00014707374487627417,-0.0006189638988221226,-0.0002437531383078675,-0.00048033090588785974,0.2826086956521739,30,0.6521739130434783,0.8,13,0.35
1,1,-0.00013038512094937227,-0.00011208973469029049,0.00025320573528397894,-0.0005530973451327303,0.0004242936821069465,0.0,0.0,1,1.0,0.1,0,0.4
3,3,0.000132858638743479,8.136152890661497e-05,0.0002950853365698188,-0.0005846293176407872,0.00044929497040691047,-5.7523332901913506e-05,0.3333333333333333,2,0.6666666666666666,0.15,1,0.4
9,9,4.152317515355842e-05,-5.799038361848425e-06,0.0001270093096732181,-0.0006560746466941561,0.00019853853014696455,-0.00015768053354424537,0.3333333333333333,5,0.5555555555555556,0.2,3,0.4
12,12,-6.0977638648781106e-05,-7.252752432839599e-05,4.6742183131609494e-05,-0.0005980728980358631,6.467504029225579e-05,-0.0002531955189637077,0.3333333333333333,7,0.5833333333333334,0.25,4,0.4
15,15,-0.0003667539960718706,-0.0002998177982325101,-8.179096920894283e-06,-0.0005526661160820979,-2.0929910517430982e-05,-0.0003188676117687065,0.3333333333333333,9,0.6,0.3,5,0.4
19,19,-0.00015162379227412335,-0.0001507730991157261,-2.212813874769015e-05,-0.0005548461074393063,-4.59852711304279e-05,-0.00032231793732500887,0.3684210526315789,11,0.5789473684210527,0.35,7,0.4
23,23,-0.00032790973091857147,-0.0002880555901927868,-7.076932723016277e-05,-0.0004631349209293346,-0.00012786831799722233,-0.00036183427258088105,0.30434782608695654,15,0.6521739130434783,0.4,7,0.4
28,28,-0.000267045004848502,-0.0002527103600341927,-9.134764971660944e-05,-0.0005909920875174093,-0.0001636605159721301,-0.000396568907011111,0.25,19,0.6785714285714286,0.45,7,0.4
29,29,-0.00027187618952651747,-0.00025376696619938064,-0.00011860800341895758,-0.0005706130500168089,-0.00021005283695105906,-0.000438143399474042,0.2413793103448276,20,0.6896551724137931,0.5,7,0.4
32,32,-0.00044309700069357014,-0.000375475690747079,-0.0001566325101139479,-0.0005238066958379211,-0.0002646072630602802,-0.0004781553618324677,0.21875,23,0.71875,0.55,7,0.4
35,35,-0.00037183344901274204,-0.00031861059792886884,-0.00015512344048195713,-0.0005154111022586466,-0.000262570878832491,-0.0004719438572226009,0.22857142857142856,25,0.7142857142857143,0.6,8,0.4
37,37,-0.00044883032625733863,-0.00036466281207333823,-0.00017298095935330376,-0.0004993598679182934,-0.0002866629644149254,-0.0004974892259778577,0.24324324324324326,26,0.7027027027027027,0.65,9,0.4
37,37,-0.00044883032625733863,-0.00036466281207333823,-0.00017298095935330376,-0.0004993598679182934,-0.0002866629644149254,-0.0004974892259778577,0.24324324324324326,26,0.7027027027027027,0.7,9,0.4
37,37,-0.00044883032625733863,-0.00036466281207333823,-0.00017298095935330376,-0.0004993598679182934,-0.0002866629644149254,-0.0004974892259778577,0.24324324324324326,26,0.7027027027027027,0.75,9,0.4
38,38,-0.0004478635012021866,-0.0003646455916427312,-0.00017110764099267489,-0.0005086629888893585,-0.0002837150739602577,-0.0004998291696046942,0.23684210526315788,27,0.7105263157894737,0.8,9,0.4
1,1,-0.00013038512094937227,-0.00011208973469029049,0.00025320573528397894,-0.0005530973451327303,0.0004242936821069465,0.0,0.0,1,1.0,0.1,0,0.45
3,3,0.000132858638743479,8.136152890661497e-05,0.0002950853365698188,-0.0005846293176407872,0.00044929497040691047,-5.7523332901913506e-05,0.3333333333333333,2,0.6666666666666666,0.15,1,0.45
9,9,4.152317515355842e-05,-5.799038361848425e-06,0.0001270093096732181,-0.0006560746466941561,0.00019853853014696455,-0.00015768053354424537,0.3333333333333333,5,0.5555555555555556,0.2,3,0.45
12,12,-6.0977638648781106e-05,-7.252752432839599e-05,4.6742183131609494e-05,-0.0005980728980358631,6.467504029225579e-05,-0.0002531955189637077,0.3333333333333333,7,0.5833333333333334,0.25,4,0.45
15,15,-0.0003667539960718706,-0.0002998177982325101,-8.179096920894283e-06,-0.0005526661160820979,-2.0929910517430982e-05,-0.0003188676117687065,0.3333333333333333,9,0.6,0.3,5,0.45
18,18,-0.00027132494882685067,-0.00024703116837044046,-3.105280232832778e-05,-0.0005012216210689127,-6.068440242730356e-05,-0.0003254034638683407,0.3333333333333333,11,0.6111111111111112,0.35,6,0.45
22,22,-0.00043386003803645967,-0.0003730523055410558,-8.028228781806959e-05,-0.0004150916508758321,-0.00014361683664315672,-0.00036615499135523764,0.2727272727272727,15,0.6818181818181818,0.4,6,0.45
27,27,-0.0003511206356086306,-0.0003206578603120936,-9.986111102847598e-05,-0.0005565811699400396,-0.0001778182792382584,-0.0004013759606209656,0.2222222222222222,19,0.7037037037037037,0.45,6,0.45
28,28,-0.00035312166149799914,-0.0003193255059732561,-0.00012779099660191275,-0.0005367032710136096,-0.00022536183442121597,-0.0004442635759000779,0.21428571428571427,20,0.7142857142857143,0.5,6,0.45
31,31,-0.0005220032596086843,-0.0004386159435927632,-0.00016615342352742322,-0.000491668625958293,-0.0002801945648433,-0.0004849739715836752,0.1935483870967742,23,0.7419354838709677,0.55,6,0.45
34,34,-0.0004416814041506159,-0.00037450714926410417,-0.0001637598888991849,-0.0004858618152043011,-0.000276722936804427,-0.0004779781336248822,0.20588235294117646,25,0.7352941176470589,0.6,7,0.45
34,34,-0.0004416814041506159,-0.00037450714926410417,-0.0001637598888991849,-0.0004858618152043011,-0.000276722936804427,-0.0004779781336248822,0.20588235294117646,25,0.7352941176470589,0.65,7,0.45
34,34,-0.0004416814041506159,-0.00037450714926410417,-0.0001637598888991849,-0.0004858618152043011,-0.000276722936804427,-0.0004779781336248822,0.20588235294117646,25,0.7352941176470589,0.7,7,0.45
34,34,-0.0004416814041506159,-0.00037450714926410417,-0.0001637598888991849,-0.0004858618152043011,-0.000276722936804427,-0.0004779781336248822,0.20588235294117646,25,0.7352941176470589,0.75,7,0.45
35,35,-0.00044083596329378577,-0.00037420718601970896,-0.00016198945954919123,-0.0004963480051932859,-0.0002738063708139449,-0.00048107610362981836,0.2,26,0.7428571428571429,0.8,7,0.45
1,1,-0.00013038512094937227,-0.00011208973469029049,0.00025320573528397894,-0.0005530973451327303,0.0004242936821069465,0.0,0.0,1,1.0,0.1,0,0.5
3,3,0.000132858638743479,8.136152890661497e-05,0.0002950853365698188,-0.0005846293176407872,0.00044929497040691047,-5.7523332901913506e-05,0.3333333333333333,2,0.6666666666666666,0.15,1,0.5
9,9,4.152317515355842e-05,-5.799038361848425e-06,0.0001270093096732181,-0.0006560746466941561,0.00019853853014696455,-0.00015768053354424537,0.3333333333333333,5,0.5555555555555556,0.2,3,0.5
12,12,-6.0977638648781106e-05,-7.252752432839599e-05,4.6742183131609494e-05,-0.0005980728980358631,6.467504029225579e-05,-0.0002531955189637077,0.3333333333333333,7,0.5833333333333334,0.25,4,0.5
15,15,-0.0003667539960718706,-0.0002998177982325101,-8.179096920894283e-06,-0.0005526661160820979,-2.0929910517430982e-05,-0.0003188676117687065,0.3333333333333333,9,0.6,0.3,5,0.5
18,18,-0.00027132494882685067,-0.00024703116837044046,-3.105280232832778e-05,-0.0005012216210689127,-6.068440242730356e-05,-0.0003254034638683407,0.3333333333333333,11,0.6111111111111112,0.35,6,0.5
21,21,-0.00037127438595683474,-0.0003361059184448776,-7.328192810640566e-05,-0.00042961853234478234,-0.0001325981642364442,-0.000363593510736845,0.2857142857142857,14,0.6666666666666666,0.4,6,0.5
25,25,-0.0004439574655197254,-0.00038107727379066425,-0.00010890793163655488,-0.00042768622877366964,-0.00018839459624674147,-0.00041668819409698357,0.24,18,0.72,0.45,6,0.5
25,25,-0.0004439574655197254,-0.00038107727379066425,-0.00010890793163655488,-0.00042768622877366964,-0.00018839459624674147,-0.00041668819409698357,0.24,18,0.72,0.5,6,0.5
27,27,-0.0005737385250602438,-0.00046572740504995254,-0.00015106908958983922,-0.0004026265526965419,-0.0002479077850373108,-0.0004664098851661944,0.2222222222222222,20,0.7407407407407407,0.55,6,0.5
30,30,-0.00047753356232927704,-0.00039035962533175335,-0.0001498648504049275,-0.0004049497078348595,-0.0002472019512405203,-0.00046033767745464377,0.23333333333333334,22,0.7333333333333333,0.6,7,0.5
30,30,-0.00047753356232927704,-0.00039035962533175335,-0.0001498648504049275,-0.0004049497078348595,-0.0002472019512405203,-0.00046033767745464377,0.23333333333333334,22,0.7333333333333333,0.65,7,0.5
30,30,-0.00047753356232927704,-0.00039035962533175335,-0.0001498648504049275,-0.0004049497078348595,-0.0002472019512405203,-0.00046033767745464377,0.23333333333333334,22,0.7333333333333333,0.7,7,0.5
30,30,-0.00047753356232927704,-0.00039035962533175335,-0.0001498648504049275,-0.0004049497078348595,-0.0002472019512405203,-0.00046033767745464377,0.23333333333333334,22,0.7333333333333333,0.75,7,0.5
30,30,-0.00047753356232927704,-0.00039035962533175335,-0.0001498648504049275,-0.0004049497078348595,-0.0002472019512405203,-0.00046033767745464377,0.23333333333333334,22,0.7333333333333333,0.8,7,0.5
1,1,-0.00013038512094937227,-0.00011208973469029049,0.00025320573528397894,-0.0005530973451327303,0.0004242936821069465,0.0,0.0,1,1.0,0.1,0,0.55
3,3,0.000132858638743479,8.136152890661497e-05,0.0002950853365698188,-0.0005846293176407872,0.00044929497040691047,-5.7523332901913506e-05,0.3333333333333333,2,0.6666666666666666,0.15,1,0.55
9,9,4.152317515355842e-05,-5.799038361848425e-06,0.0001270093096732181,-0.0006560746466941561,0.00019853853014696455,-0.00015768053354424537,0.3333333333333333,5,0.5555555555555556,0.2,3,0.55
12,12,-6.0977638648781106e-05,-7.252752432839599e-05,4.6742183131609494e-05,-0.0005980728980358631,6.467504029225579e-05,-0.0002531955189637077,0.3333333333333333,7,0.5833333333333334,0.25,4,0.55
14,14,-0.0002417500363340557,-0.00019771235192352473,1.7677291461221894e-05,-0.0005766631099161432,2.2072437131886208e-05,-0.00028408481637722964,0.35714285714285715,8,0.5714285714285714,0.3,5,0.55
16,16,-0.00028877434050034005,-0.00023855754999219537,-2.418668429101517e-05,-0.0005045802211766253,-4.269394527769976e-05,-0.00031571472514879684,0.3125,10,0.625,0.35,5,0.55
19,19,-0.0003964896039060873,-0.00033834652929208564,-7.194510510425587e-05,-0.0004249096599382108,-0.00012501817524826633,-0.00035945457780128223,0.2631578947368421,13,0.6842105263157895,0.4,5,0.55
22,22,-0.00046960524937498827,-0.00038920564899854474,-0.00010771913008191096,-0.00041497218448469445,-0.00018252380813734502,-0.0004116676086355454,0.22727272727272727,16,0.7272727272727273,0.45,5,0.55
22,22,-0.00046960524937498827,-0.00038920564899854474,-0.00010771913008191096,-0.00041497218448469445,-0.00018252380813734502,-0.0004116676086355454,0.22727272727272727,16,0.7272727272727273,0.5,5,0.55
24,24,-0.0006134716260367996,-0.0004837596820645874,-0.00015524949957557618,-0.00038783955258867367,-0.00024996537786918516,-0.00046802289321019413,0.20833333333333334,18,0.75,0.55,5,0.55
26,26,-0.0005072027877330971,-0.0004026705953579454,-0.00014935725839571035,-0.00040714321439874317,-0.0002415114716218461,-0.0004606289267120888,0.23076923076923078,19,0.7307692307692307,0.6,6,0.55
26,26,-0.0005072027877330971,-0.0004026705953579454,-0.00014935725839571035,-0.00040714321439874317,-0.0002415114716218461,-0.0004606289267120888,0.23076923076923078,19,0.7307692307692307,0.65,6,0.55
26,26,-0.0005072027877330971,-0.0004026705953579454,-0.00014935725839571035,-0.00040714321439874317,-0.0002415114716218461,-0.0004606289267120888,0.23076923076923078,19,0.7307692307692307,0.7,6,0.55
26,26,-0.0005072027877330971,-0.0004026705953579454,-0.00014935725839571035,-0.00040714321439874317,-0.0002415114716218461,-0.0004606289267120888,0.23076923076923078,19,0.7307692307692307,0.75,6,0.55
26,26,-0.0005072027877330971,-0.0004026705953579454,-0.00014935725839571035,-0.00040714321439874317,-0.0002415114716218461,-0.0004606289267120888,0.23076923076923078,19,0.7307692307692307,0.8,6,0.55
1,1,-0.00013038512094937227,-0.00011208973469029049,0.00025320573528397894,-0.0005530973451327303,0.0004242936821069465,0.0,0.0,1,1.0,0.1,0,0.6
3,3,0.000132858638743479,8.136152890661497e-05,0.0002950853365698188,-0.0005846293176407872,0.00044929497040691047,-5.7523332901913506e-05,0.3333333333333333,2,0.6666666666666666,0.15,1,0.6
9,9,4.152317515355842e-05,-5.799038361848425e-06,0.0001270093096732181,-0.0006560746466941561,0.00019853853014696455,-0.00015768053354424537,0.3333333333333333,5,0.5555555555555556,0.2,3,0.6
12,12,-6.0977638648781106e-05,-7.252752432839599e-05,4.6742183131609494e-05,-0.0005980728980358631,6.467504029225579e-05,-0.0002531955189637077,0.3333333333333333,7,0.5833333333333334,0.25,4,0.6
14,14,-0.0002417500363340557,-0.00019771235192352473,1.7677291461221894e-05,-0.0005766631099161432,2.2072437131886208e-05,-0.00028408481637722964,0.35714285714285715,8,0.5714285714285714,0.3,5,0.6
16,16,-0.00028877434050034005,-0.00023855754999219537,-2.418668429101517e-05,-0.0005045802211766253,-4.269394527769976e-05,-0.00031571472514879684,0.3125,10,0.625,0.35,5,0.6
19,19,-0.0003964896039060873,-0.00033834652929208564,-7.194510510425587e-05,-0.0004249096599382108,-0.00012501817524826633,-0.00035945457780128223,0.2631578947368421,13,0.6842105263157895,0.4,5,0.6
21,21,-0.0004264999598795351,-0.00035056230098915494,-0.00010269069327645528,-0.000404255824020445,-0.0001735310657796006,-0.00039892093161405146,0.23809523809523808,15,0.7142857142857143,0.45,5,0.6
21,21,-0.0004264999598795351,-0.00035056230098915494,-0.00010269069327645528,-0.000404255824020445,-0.0001735310657796006,-0.00039892093161405146,0.23809523809523808,15,0.7142857142857143,0.5,5,0.6
23,23,-0.0005803696824392907,-0.00045258767010236374,-0.00015272485594858035,-0.000376875369908445,-0.00024468685527002026,-0.00045883485265033654,0.21739130434782608,17,0.7391304347826086,0.55,5,0.6
24,24,-0.0005712433089390111,-0.000445145331885154,-0.000159344352799314,-0.00036117222949559315,-0.00025698535316995746,-0.0004640848248822586,0.20833333333333334,18,0.75,0.6,5,0.6
24,24,-0.0005712433089390111,-0.000445145331885154,-0.000159344352799314,-0.00036117222949559315,-0.00025698535316995746,-0.0004640848248822586,0.20833333333333334,18,0.75,0.65,5,0.6
24,24,-0.0005712433089390111,-0.000445145331885154,-0.000159344352799314,-0.00036117222949559315,-0.00025698535316995746,-0.0004640848248822586,0.20833333333333334,18,0.75,0.7,5,0.6
24,24,-0.0005712433089390111,-0.000445145331885154,-0.000159344352799314,-0.00036117222949559315,-0.00025698535316995746,-0.0004640848248822586,0.20833333333333334,18,0.75,0.75,5,0.6
24,24,-0.0005712433089390111,-0.000445145331885154,-0.000159344352799314,-0.00036117222949559315,-0.00025698535316995746,-0.0004640848248822586,0.20833333333333334,18,0.75,0.8,5,0.6
1,1,-0.00013038512094937227,-0.00011208973469029049,0.00025320573528397894,-0.0005530973451327303,0.0004242936821069465,0.0,0.0,1,1.0,0.1,0,0.65
3,3,0.000132858638743479,8.136152890661497e-05,0.0002950853365698188,-0.0005846293176407872,0.00044929497040691047,-5.7523332901913506e-05,0.3333333333333333,2,0.6666666666666666,0.15,1,0.65
9,9,4.152317515355842e-05,-5.799038361848425e-06,0.0001270093096732181,-0.0006560746466941561,0.00019853853014696455,-0.00015768053354424537,0.3333333333333333,5,0.5555555555555556,0.2,3,0.65
12,12,-6.0977638648781106e-05,-7.252752432839599e-05,4.6742183131609494e-05,-0.0005980728980358631,6.467504029225579e-05,-0.0002531955189637077,0.3333333333333333,7,0.5833333333333334,0.25,4,0.65
14,14,-0.0002417500363340557,-0.00019771235192352473,1.7677291461221894e-05,-0.0005766631099161432,2.2072437131886208e-05,-0.00028408481637722964,0.35714285714285715,8,0.5714285714285714,0.3,5,0.65
16,16,-0.00028877434050034005,-0.00023855754999219537,-2.418668429101517e-05,-0.0005045802211766253,-4.269394527769976e-05,-0.00031571472514879684,0.3125,10,0.625,0.35,5,0.65
18,18,-0.00037444066744816366,-0.0003202519615659663,-6.386157905429056e-05,-0.0004485157521570003,-0.00011045131362793133,-0.0003561158832155711,0.2777777777777778,12,0.6666666666666666,0.4,5,0.65
19,19,-0.0004296383524906066,-0.0003525136617057905,-7.332695721901971e-05,-0.00044680906865417604,-0.00012417953235326,-0.0003701594832496581,0.2631578947368421,13,0.6842105263157895,0.45,5,0.65
19,19,-0.0004296383524906066,-0.0003525136617057905,-7.332695721901971e-05,-0.00044680906865417604,-0.00012417953235326,-0.0003701594832496581,0.2631578947368421,13,0.6842105263157895,0.5,5,0.65
19,19,-0.0004296383524906066,-0.0003525136617057905,-7.332695721901971e-05,-0.00044680906865417604,-0.00012417953235326,-0.0003701594832496581,0.2631578947368421,13,0.6842105263157895,0.55,5,0.65
20,20,-0.00042622327078770534,-0.0003485865562649675,-8.524024837637812e-05,-0.00042446861522146725,-0.00014496309597902268,-0.0003808932183979985,0.25,14,0.7,0.6,5,0.65
20,20,-0.00042622327078770534,-0.0003485865562649675,-8.524024837637812e-05,-0.00042446861522146725,-0.00014496309597902268,-0.0003808932183979985,0.25,14,0.7,0.65,5,0.65
20,20,-0.00042622327078770534,-0.0003485865562649675,-8.524024837637812e-05,-0.00042446861522146725,-0.00014496309597902268,-0.0003808932183979985,0.25,14,0.7,0.7,5,0.65
20,20,-0.00042622327078770534,-0.0003485865562649675,-8.524024837637812e-05,-0.00042446861522146725,-0.00014496309597902268,-0.0003808932183979985,0.25,14,0.7,0.75,5,0.65
20,20,-0.00042622327078770534,-0.0003485865562649675,-8.524024837637812e-05,-0.00042446861522146725,-0.00014496309597902268,-0.0003808932183979985,0.25,14,0.7,0.8,5,0.65
1,1,-0.00013038512094937227,-0.00011208973469029049,0.00025320573528397894,-0.0005530973451327303,0.0004242936821069465,0.0,0.0,1,1.0,0.1,0,0.7
3,3,0.000132858638743479,8.136152890661497e-05,0.0002950853365698188,-0.0005846293176407872,0.00044929497040691047,-5.7523332901913506e-05,0.3333333333333333,2,0.6666666666666666,0.15,1,0.7
9,9,4.152317515355842e-05,-5.799038361848425e-06,0.0001270093096732181,-0.0006560746466941561,0.00019853853014696455,-0.00015768053354424537,0.3333333333333333,5,0.5555555555555556,0.2,3,0.7
12,12,-6.0977638648781106e-05,-7.252752432839599e-05,4.6742183131609494e-05,-0.0005980728980358631,6.467504029225579e-05,-0.0002531955189637077,0.3333333333333333,7,0.5833333333333334,0.25,4,0.7
14,14,-0.0002417500363340557,-0.00019771235192352473,1.7677291461221894e-05,-0.0005766631099161432,2.2072437131886208e-05,-0.00028408481637722964,0.35714285714285715,8,0.5714285714285714,0.3,5,0.7
15,15,-0.000304565651737021,-0.000252272832439591,-1.2313744038502013e-06,-0.0005382189025884003,-1.0869579271943764e-05,-0.000298744722439781,0.3333333333333333,9,0.6,0.35,5,0.7
16,16,-0.00041219744777838685,-0.0003531183353346883,-3.171915462670677e-05,-0.0005045802211766253,-6.182978646726567e-05,-0.00033329580754967725,0.3125,10,0.625,0.4,5,0.7
17,17,-0.0004716679910416923,-0.00038724221350456704,-4.418883754185016e-05,-0.0004993748414370202,-8.00331795814957e-05,-0.00035033395321518006,0.29411764705882354,11,0.6470588235294118,0.45,5,0.7
17,17,-0.0004716679910416923,-0.00038724221350456704,-4.418883754185016e-05,-0.0004993748414370202,-8.00331795814957e-05,-0.00035033395321518006,0.29411764705882354,11,0.6470588235294118,0.5,5,0.7
17,17,-0.0004716679910416923,-0.00038724221350456704,-4.418883754185016e-05,-0.0004993748414370202,-8.00331795814957e-05,-0.00035033395321518006,0.29411764705882354,11,0.6470588235294118,0.55,5,0.7
17,17,-0.0004716679910416923,-0.00038724221350456704,-4.418883754185016e-05,-0.0004993748414370202,-8.00331795814957e-05,-0.00035033395321518006,0.29411764705882354,11,0.6470588235294118,0.6,5,0.7
17,17,-0.0004716679910416923,-0.00038724221350456704,-4.418883754185016e-05,-0.0004993748414370202,-8.00331795814957e-05,-0.00035033395321518006,0.29411764705882354,11,0.6470588235294118,0.65,5,0.7
17,17,-0.0004716679910416923,-0.00038724221350456704,-4.418883754185016e-05,-0.0004993748414370202,-8.00331795814957e-05,-0.00035033395321518006,0.29411764705882354,11,0.6470588235294118,0.7,5,0.7
17,17,-0.0004716679910416923,-0.00038724221350456704,-4.418883754185016e-05,-0.0004993748414370202,-8.00331795814957e-05,-0.00035033395321518006,0.29411764705882354,11,0.6470588235294118,0.75,5,0.7
17,17,-0.0004716679910416923,-0.00038724221350456704,-4.418883754185016e-05,-0.0004993748414370202,-8.00331795814957e-05,-0.00035033395321518006,0.29411764705882354,11,0.6470588235294118,0.8,5,0.7
1,1,-0.00013038512094937227,-0.00011208973469029049,0.00025320573528397894,-0.0005530973451327303,0.0004242936821069465,0.0,0.0,1,1.0,0.1,0,0.75
3,3,0.000132858638743479,8.136152890661497e-05,0.0002950853365698188,-0.0005846293176407872,0.00044929497040691047,-5.7523332901913506e-05,0.3333333333333333,2,0.6666666666666666,0.15,1,0.75
8,8,-0.00020318229632885348,-0.0001835954908478224,0.0001166904667493085,-0.0005520929612479368,0.00017813857760688723,-0.0001751527428514449,0.375,5,0.625,0.2,3,0.75
11,11,-0.0002482635100725661,-0.00020790026122424502,3.194055859225629e-05,-0.0005171769678333133,3.766930300358967e-05,-0.000274585760770713,0.36363636363636365,7,0.6363636363636364,0.25,4,0.75
11,11,-0.0002482635100725661,-0.00020790026122424502,3.194055859225629e-05,-0.0005171769678333133,3.766930300358967e-05,-0.000274585760770713,0.36363636363636365,7,0.6363636363636364,0.3,4,0.75
12,12,-0.0003262402398480635,-0.00027525186942760116,7.116120666663302e-06,-0.00047407888718053727,-4.807956323839753e-06,-0.00029370223131611195,0.3333333333333333,8,0.6666666666666666,0.35,4,0.75
12,12,-0.0003262402398480635,-0.00027525186942760116,7.116120666663302e-06,-0.00047407888718053727,-4.807956323839753e-06,-0.00029370223131611195,0.3333333333333333,8,0.6666666666666666,0.4,4,0.75
12,12,-0.0003262402398480635,-0.00027525186942760116,7.116120666663302e-06,-0.00047407888718053727,-4.807956323839753e-06,-0.00029370223131611195,0.3333333333333333,8,0.6666666666666666,0.45,4,0.75
12,12,-0.0003262402398480635,-0.00027525186942760116,7.116120666663302e-06,-0.00047407888718053727,-4.807956323839753e-06,-0.00029370223131611195,0.3333333333333333,8,0.6666666666666666,0.5,4,0.75
12,12,-0.0003262402398480635,-0.00027525186942760116,7.116120666663302e-06,-0.00047407888718053727,-4.807956323839753e-06,-0.00029370223131611195,0.3333333333333333,8,0.6666666666666666,0.55,4,0.75
12,12,-0.0003262402398480635,-0.00027525186942760116,7.116120666663302e-06,-0.00047407888718053727,-4.807956323839753e-06,-0.00029370223131611195,0.3333333333333333,8,0.6666666666666666,0.6,4,0.75
12,12,-0.0003262402398480635,-0.00027525186942760116,7.116120666663302e-06,-0.00047407888718053727,-4.807956323839753e-06,-0.00029370223131611195,0.3333333333333333,8,0.6666666666666666,0.65,4,0.75
12,12,-0.0003262402398480635,-0.00027525186942760116,7.116120666663302e-06,-0.00047407888718053727,-4.807956323839753e-06,-0.00029370223131611195,0.3333333333333333,8,0.6666666666666666,0.7,4,0.75
12,12,-0.0003262402398480635,-0.00027525186942760116,7.116120666663302e-06,-0.00047407888718053727,-4.807956323839753e-06,-0.00029370223131611195,0.3333333333333333,8,0.6666666666666666,0.75,4,0.75
12,12,-0.0003262402398480635,-0.00027525186942760116,7.116120666663302e-06,-0.00047407888718053727,-4.807956323839753e-06,-0.00029370223131611195,0.3333333333333333,8,0.6666666666666666,0.8,4,0.75
1,1,-0.00013038512094937227,-0.00011208973469029049,0.00025320573528397894,-0.0005530973451327303,0.0004242936821069465,0.0,0.0,1,1.0,0.1,0,0.8
3,3,0.000132858638743479,8.136152890661497e-05,0.0002950853365698188,-0.0005846293176407872,0.00044929497040691047,-5.7523332901913506e-05,0.3333333333333333,2,0.6666666666666666,0.15,1,0.8
8,8,-0.00020318229632885348,-0.0001835954908478224,0.0001166904667493085,-0.0005520929612479368,0.00017813857760688723,-0.0001751527428514449,0.375,5,0.625,0.2,3,0.8
8,8,-0.00020318229632885348,-0.0001835954908478224,0.0001166904667493085,-0.0005520929612479368,0.00017813857760688723,-0.0001751527428514449,0.375,5,0.625,0.25,3,0.8
8,8,-0.00020318229632885348,-0.0001835954908478224,0.0001166904667493085,-0.0005520929612479368,0.00017813857760688723,-0.0001751527428514449,0.375,5,0.625,0.3,3,0.8
8,8,-0.00020318229632885348,-0.0001835954908478224,0.0001166904667493085,-0.0005520929612479368,0.00017813857760688723,-0.0001751527428514449,0.375,5,0.625,0.35,3,0.8
8,8,-0.00020318229632885348,-0.0001835954908478224,0.0001166904667493085,-0.0005520929612479368,0.00017813857760688723,-0.0001751527428514449,0.375,5,0.625,0.4,3,0.8
8,8,-0.00020318229632885348,-0.0001835954908478224,0.0001166904667493085,-0.0005520929612479368,0.00017813857760688723,-0.0001751527428514449,0.375,5,0.625,0.45,3,0.8
8,8,-0.00020318229632885348,-0.0001835954908478224,0.0001166904667493085,-0.0005520929612479368,0.00017813857760688723,-0.0001751527428514449,0.375,5,0.625,0.5,3,0.8
8,8,-0.00020318229632885348,-0.0001835954908478224,0.0001166904667493085,-0.0005520929612479368,0.00017813857760688723,-0.0001751527428514449,0.375,5,0.625,0.55,3,0.8
8,8,-0.00020318229632885348,-0.0001835954908478224,0.0001166904667493085,-0.0005520929612479368,0.00017813857760688723,-0.0001751527428514449,0.375,5,0.625,0.6,3,0.8
8,8,-0.00020318229632885348,-0.0001835954908478224,0.0001166904667493085,-0.0005520929612479368,0.00017813857760688723,-0.0001751527428514449,0.375,5,0.625,0.65,3,0.8
8,8,-0.00020318229632885348,-0.0001835954908478224,0.0001166904667493085,-0.0005520929612479368,0.00017813857760688723,-0.0001751527428514449,0.375,5,0.625,0.7,3,0.8
8,8,-0.00020318229632885348,-0.0001835954908478224,0.0001166904667493085,-0.0005520929612479368,0.00017813857760688723,-0.0001751527428514449,0.375,5,0.625,0.75,3,0.8
8,8,-0.00020318229632885348,-0.0001835954908478224,0.0001166904667493085,-0.0005520929612479368,0.00017813857760688723,-0.0001751527428514449,0.375,5,0.625,0.8,3,0.8
