accepted,accepted_images,mean_action_frac,mean_delta_boundary_f1,mean_delta_boundary_iou,mean_delta_dice,mean_delta_gap_region_fp_rate,mean_delta_iou,mean_delta_recall,precision_useful,risk,risk_rate,risk_threshold,useful,useful_threshold
13,13,0.5,0.00047184589802078656,0.0003062558929632343,2.282695315906166e-06,-0.0005428422452439657,-1.8273110489955067e-06,-0.0001620440387806689,0.5384615384615384,5,0.38461538461538464,0.1,7,0.1
25,25,0.56,-0.00050163704382862,-0.0004043227316916642,-0.0001267850536460946,-0.00035474422181441757,-0.00021347953322419676,-0.00033278713184786034,0.32,16,0.64,0.15,8,0.1
43,43,0.5,-0.00015002761638452185,-0.00014466713371701046,-4.011798868875849e-05,-0.0003354898187392279,-7.356745219875179e-05,-0.00022743663813202343,0.3953488372093023,26,0.6046511627906976,0.2,17,0.1
56,56,0.5401785714285714,-8.813962074159352e-05,-9.229219474565042e-05,-4.38130816972102e-05,-0.0003530861804848997,-8.064072788146233e-05,-0.00024354771330054433,0.35714285714285715,35,0.625,0.25,20,0.1
63,63,0.5277777777777778,-8.072392510431758e-05,-8.481453288370086e-05,-4.651981505762693e-05,-0.0003328281200782261,-8.343083697613024e-05,-0.00023306324449753142,0.3333333333333333,41,0.6507936507936508,0.3,21,0.1
69,69,0.5181159420289855,-6.577975362795845e-05,-6.413053793065111e-05,-3.476808593670445e-05,-0.00032067242482826364,-6.379369555852341e-05,-0.0002043478687664638,0.3188405797101449,46,0.6666666666666666,0.35,22,0.1
76,76,0.5197368421052632,-9.394250955068857e-05,-8.85787948582733e-05,-4.048992677156328e-05,-0.00032230780336087156,-7.343215046658045e-05,-0.0002118169219655075,0.32894736842105265,50,0.6578947368421053,0.4,25,0.1
79,79,0.5411392405063291,-0.0001261095802575113,-0.00011682751097200037,-4.750255277474325e-05,-0.00031105044806613953,-8.527969892807574e-05,-0.00022083235845604817,0.3291139240506329,51,0.6455696202531646,0.45,26,0.1
82,82,0.5426829268292683,-0.00013911518008163958,-0.00012791151091404501,-5.2308175978407554e-05,-0.00030649399963864066,-9.337661558961929e-05,-0.00022662149513560733,0.32926829268292684,53,0.6463414634146342,0.5,27,0.1
83,83,0.5512048192771084,-0.00018373272069996594,-0.00016272031395481369,-5.707570007972994e-05,-0.0003027199089560261,-0.0001013960164457095,-0.00023352553822109502,0.3132530120481928,55,0.6626506024096386,0.55,26,0.1
85,85,0.5617647058823529,-0.00018297842355078723,-0.00016253989293716224,-5.782299897472927e-05,-0.0003004219567813209,-0.0001026869501457688,-0.0002331900976892496,0.3058823529411765,57,0.6705882352941176,0.6,26,0.1
86,86,0.5581395348837209,-0.00020993226655853837,-0.00017965469257288602,-5.9881453475667226e-05,-0.0002852501643439146,-0.00010621286323544201,-0.00023169222138823888,0.3023255813953488,58,0.6744186046511628,0.65,26,0.1
88,88,0.5710227272727273,-0.0002445379541606257,-0.00021073420707681622,-6.711052171823959e-05,-0.0002769144421045789,-0.0001181618774828501,-0.00024124239213201132,0.2840909090909091,61,0.6931818181818182,0.7,25,0.1
89,89,0.5758426966292135,-0.00023562444085467937,-0.00020362429304320232,-6.672263732141694e-05,-0.00028564545504346087,-0.00011744992689303155,-0.00024558171507127095,0.29213483146067415,61,0.6853932584269663,0.75,26,0.1
91,91,0.5769230769230769,-0.00022401402308732,-0.00019135749913659443,-6.17823767601626e-05,-0.00028229346036036536,-0.00010989038946758532,-0.0002392217054443172,0.2857142857142857,63,0.6923076923076923,0.8,26,0.1
13,13,0.5,0.00047184589802078656,0.0003062558929632343,2.282695315906166e-06,-0.0005428422452439657,-1.8273110489955067e-06,-0.0001620440387806689,0.5384615384615384,5,0.38461538461538464,0.1,7,0.15
25,25,0.56,-0.00050163704382862,-0.0004043227316916642,-0.0001267850536460946,-0.00035474422181441757,-0.00021347953322419676,-0.00033278713184786034,0.32,16,0.64,0.15,8,0.15
43,43,0.5,-0.00015002761638452185,-0.00014466713371701046,-4.011798868875849e-05,-0.0003354898187392279,-7.356745219875179e-05,-0.00022743663813202343,0.3953488372093023,26,0.6046511627906976,0.2,17,0.15
56,56,0.5401785714285714,-8.813962074159352e-05,-9.229219474565042e-05,-4.38130816972102e-05,-0.0003530861804848997,-8.064072788146233e-05,-0.00024354771330054433,0.35714285714285715,35,0.625,0.25,20,0.15
63,63,0.5277777777777778,-8.072392510431758e-05,-8.481453288370086e-05,-4.651981505762693e-05,-0.0003328281200782261,-8.343083697613024e-05,-0.00023306324449753142,0.3333333333333333,41,0.6507936507936508,0.3,21,0.15
69,69,0.5181159420289855,-6.577975362795845e-05,-6.413053793065111e-05,-3.476808593670445e-05,-0.00032067242482826364,-6.379369555852341e-05,-0.0002043478687664638,0.3188405797101449,46,0.6666666666666666,0.35,22,0.15
76,76,0.5197368421052632,-9.394250955068857e-05,-8.85787948582733e-05,-4.048992677156328e-05,-0.00032230780336087156,-7.343215046658045e-05,-0.0002118169219655075,0.32894736842105265,50,0.6578947368421053,0.4,25,0.15
79,79,0.5411392405063291,-0.0001261095802575113,-0.00011682751097200037,-4.750255277474325e-05,-0.00031105044806613953,-8.527969892807574e-05,-0.00022083235845604817,0.3291139240506329,51,0.6455696202531646,0.45,26,0.15
82,82,0.5426829268292683,-0.00013911518008163958,-0.00012791151091404501,-5.2308175978407554e-05,-0.00030649399963864066,-9.337661558961929e-05,-0.00022662149513560733,0.32926829268292684,53,0.6463414634146342,0.5,27,0.15
83,83,0.5512048192771084,-0.00018373272069996594,-0.00016272031395481369,-5.707570007972994e-05,-0.0003027199089560261,-0.0001013960164457095,-0.00023352553822109502,0.3132530120481928,55,0.6626506024096386,0.55,26,0.15
85,85,0.5617647058823529,-0.00018297842355078723,-0.00016253989293716224,-5.782299897472927e-05,-0.0003004219567813209,-0.0001026869501457688,-0.0002331900976892496,0.3058823529411765,57,0.6705882352941176,0.6,26,0.15
86,86,0.5581395348837209,-0.00020993226655853837,-0.00017965469257288602,-5.9881453475667226e-05,-0.0002852501643439146,-0.00010621286323544201,-0.00023169222138823888,0.3023255813953488,58,0.6744186046511628,0.65,26,0.15
88,88,0.5710227272727273,-0.0002445379541606257,-0.00021073420707681622,-6.711052171823959e-05,-0.0002769144421045789,-0.0001181618774828501,-0.00024124239213201132,0.2840909090909091,61,0.6931818181818182,0.7,25,0.15
89,89,0.5758426966292135,-0.00023562444085467937,-0.00020362429304320232,-6.672263732141694e-05,-0.00028564545504346087,-0.00011744992689303155,-0.00024558171507127095,0.29213483146067415,61,0.6853932584269663,0.75,26,0.15
91,91,0.5769230769230769,-0.00022401402308732,-0.00019135749913659443,-6.17823767601626e-05,-0.00028229346036036536,-0.00010989038946758532,-0.0002392217054443172,0.2857142857142857,63,0.6923076923076923,0.8,26,0.15
12,12,0.4791666666666667,0.0004364437900901824,0.0002799065512010211,-6.307370137144848e-06,-0.00041801501577565817,-1.7477715626527484e-05,-0.00016220125769103588,0.5833333333333334,5,0.4166666666666667,0.1,7,0.2
24,24,0.5520833333333334,-0.0005598998870376473,-0.0004471048452667249,-0.00013645790924603682,-0.00028449318943736594,-0.00023012357810359615,-0.00033998003684751016,0.3333333333333333,16,0.6666666666666666,0.15,8,0.2
43,43,0.5,-0.00015002761638452185,-0.00014466713371701046,-4.011798868875849e-05,-0.0003354898187392279,-7.356745219875179e-05,-0.00022743663813202343,0.3953488372093023,26,0.6046511627906976,0.2,17,0.2
56,56,0.5401785714285714,-8.813962074159352e-05,-9.229219474565042e-05,-4.38130816972102e-05,-0.0003530861804848997,-8.064072788146233e-05,-0.00024354771330054433,0.35714285714285715,35,0.625,0.25,20,0.2
63,63,0.5277777777777778,-8.072392510431758e-05,-8.481453288370086e-05,-4.651981505762693e-05,-0.0003328281200782261,-8.343083697613024e-05,-0.00023306324449753142,0.3333333333333333,41,0.6507936507936508,0.3,21,0.2
69,69,0.5181159420289855,-6.577975362795845e-05,-6.413053793065111e-05,-3.476808593670445e-05,-0.00032067242482826364,-6.379369555852341e-05,-0.0002043478687664638,0.3188405797101449,46,0.6666666666666666,0.35,22,0.2
76,76,0.5197368421052632,-9.394250955068857e-05,-8.85787948582733e-05,-4.048992677156328e-05,-0.00032230780336087156,-7.343215046658045e-05,-0.0002118169219655075,0.32894736842105265,50,0.6578947368421053,0.4,25,0.2
79,79,0.5411392405063291,-0.0001261095802575113,-0.00011682751097200037,-4.750255277474325e-05,-0.00031105044806613953,-8.527969892807574e-05,-0.00022083235845604817,0.3291139240506329,51,0.6455696202531646,0.45,26,0.2
82,82,0.5426829268292683,-0.00013911518008163958,-0.00012791151091404501,-5.2308175978407554e-05,-0.00030649399963864066,-9.337661558961929e-05,-0.00022662149513560733,0.32926829268292684,53,0.6463414634146342,0.5,27,0.2
83,83,0.5512048192771084,-0.00018373272069996594,-0.00016272031395481369,-5.707570007972994e-05,-0.0003027199089560261,-0.0001013960164457095,-0.00023352553822109502,0.3132530120481928,55,0.6626506024096386,0.55,26,0.2
85,85,0.5617647058823529,-0.00018297842355078723,-0.00016253989293716224,-5.782299897472927e-05,-0.0003004219567813209,-0.0001026869501457688,-0.0002331900976892496,0.3058823529411765,57,0.6705882352941176,0.6,26,0.2
86,86,0.5581395348837209,-0.00020993226655853837,-0.00017965469257288602,-5.9881453475667226e-05,-0.0002852501643439146,-0.00010621286323544201,-0.00023169222138823888,0.3023255813953488,58,0.6744186046511628,0.65,26,0.2
88,88,0.5710227272727273,-0.0002445379541606257,-0.00021073420707681622,-6.711052171823959e-05,-0.0002769144421045789,-0.0001181618774828501,-0.00024124239213201132,0.2840909090909091,61,0.6931818181818182,0.7,25,0.2
89,89,0.5758426966292135,-0.00023562444085467937,-0.00020362429304320232,-6.672263732141694e-05,-0.00028564545504346087,-0.00011744992689303155,-0.00024558171507127095,0.29213483146067415,61,0.6853932584269663,0.75,26,0.2
91,91,0.5769230769230769,-0.00022401402308732,-0.00019135749913659443,-6.17823767601626e-05,-0.00028229346036036536,-0.00010989038946758532,-0.0002392217054443172,0.2857142857142857,63,0.6923076923076923,0.8,26,0.2
12,12,0.4791666666666667,0.0004364437900901824,0.0002799065512010211,-6.307370137144848e-06,-0.00041801501577565817,-1.7477715626527484e-05,-0.00016220125769103588,0.5833333333333334,5,0.4166666666666667,0.1,7,0.25
24,24,0.5520833333333334,-0.0005598998870376473,-0.0004471048452667249,-0.00013645790924603682,-0.00028449318943736594,-0.00023012357810359615,-0.00033998003684751016,0.3333333333333333,16,0.6666666666666666,0.15,8,0.25
43,43,0.5,-0.00015002761638452185,-0.00014466713371701046,-4.011798868875849e-05,-0.0003354898187392279,-7.356745219875179e-05,-0.00022743663813202343,0.3953488372093023,26,0.6046511627906976,0.2,17,0.25
56,56,0.5401785714285714,-8.813962074159352e-05,-9.229219474565042e-05,-4.38130816972102e-05,-0.0003530861804848997,-8.064072788146233e-05,-0.00024354771330054433,0.35714285714285715,35,0.625,0.25,20,0.25
63,63,0.5277777777777778,-8.072392510431758e-05,-8.481453288370086e-05,-4.651981505762693e-05,-0.0003328281200782261,-8.343083697613024e-05,-0.00023306324449753142,0.3333333333333333,41,0.6507936507936508,0.3,21,0.25
69,69,0.5181159420289855,-6.577975362795845e-05,-6.413053793065111e-05,-3.476808593670445e-05,-0.00032067242482826364,-6.379369555852341e-05,-0.0002043478687664638,0.3188405797101449,46,0.6666666666666666,0.35,22,0.25
76,76,0.5197368421052632,-9.394250955068857e-05,-8.85787948582733e-05,-4.048992677156328e-05,-0.00032230780336087156,-7.343215046658045e-05,-0.0002118169219655075,0.32894736842105265,50,0.6578947368421053,0.4,25,0.25
79,79,0.5411392405063291,-0.0001261095802575113,-0.00011682751097200037,-4.750255277474325e-05,-0.00031105044806613953,-8.527969892807574e-05,-0.00022083235845604817,0.3291139240506329,51,0.6455696202531646,0.45,26,0.25
82,82,0.5426829268292683,-0.00013911518008163958,-0.00012791151091404501,-5.2308175978407554e-05,-0.00030649399963864066,-9.337661558961929e-05,-0.00022662149513560733,0.32926829268292684,53,0.6463414634146342,0.5,27,0.25
83,83,0.5512048192771084,-0.00018373272069996594,-0.00016272031395481369,-5.707570007972994e-05,-0.0003027199089560261,-0.0001013960164457095,-0.00023352553822109502,0.3132530120481928,55,0.6626506024096386,0.55,26,0.25
85,85,0.5617647058823529,-0.00018297842355078723,-0.00016253989293716224,-5.782299897472927e-05,-0.0003004219567813209,-0.0001026869501457688,-0.0002331900976892496,0.3058823529411765,57,0.6705882352941176,0.6,26,0.25
86,86,0.5581395348837209,-0.00020993226655853837,-0.00017965469257288602,-5.9881453475667226e-05,-0.0002852501643439146,-0.00010621286323544201,-0.00023169222138823888,0.3023255813953488,58,0.6744186046511628,0.65,26,0.25
86,86,0.563953488372093,-0.00022528070166692534,-0.00019091621551549397,-6.31683210271865e-05,-0.0002816279514857833,-0.00011139183753087678,-0.0002355910635880587,0.29069767441860467,59,0.686046511627907,0.7,25,0.25
88,88,0.5710227272727273,-0.00021791298215750087,-0.0001849228518731676,-6.300224056784482e-05,-0.0002872043002436641,-0.00011096332372906493,-0.00023904211850247543,0.29545454545454547,60,0.6818181818181818,0.75,26,0.25
90,90,0.575,-0.00022299765191971058,-0.00019109960193279017,-6.544439347668795e-05,-0.00028269332748971133,-0.00011513091936575607,-0.0002418797243936985,0.28888888888888886,62,0.6888888888888889,0.8,26,0.25
12,12,0.4791666666666667,0.0004364437900901824,0.0002799065512010211,-6.307370137144848e-06,-0.00041801501577565817,-1.7477715626527484e-05,-0.00016220125769103588,0.5833333333333334,5,0.4166666666666667,0.1,7,0.3
24,24,0.5520833333333334,-0.0005598998870376473,-0.0004471048452667249,-0.00013645790924603682,-0.00028449318943736594,-0.00023012357810359615,-0.00033998003684751016,0.3333333333333333,16,0.6666666666666666,0.15,8,0.3
43,43,0.5,-0.00015002761638452185,-0.00014466713371701046,-4.011798868875849e-05,-0.0003354898187392279,-7.356745219875179e-05,-0.00022743663813202343,0.3953488372093023,26,0.6046511627906976,0.2,17,0.3
56,56,0.5401785714285714,-8.813962074159352e-05,-9.229219474565042e-05,-4.38130816972102e-05,-0.0003530861804848997,-8.064072788146233e-05,-0.00024354771330054433,0.35714285714285715,35,0.625,0.25,20,0.3
62,62,0.532258064516129,-8.018099983796693e-05,-8.49167323372017e-05,-4.462701064666952e-05,-0.0003336720428401989,-8.023107593677439e-05,-0.0002307513523083943,0.3387096774193548,40,0.6451612903225806,0.3,21,0.3
68,68,0.5220588235294118,-6.506496630457465e-05,-6.391954338894526e-05,-3.286947413375913e-05,-0.0003212631235928571,-6.0587484884145925e-05,-0.00020181768212738192,0.3235294117647059,45,0.6617647058823529,0.35,22,0.3
75,75,0.52,-0.00012735582488397826,-0.00011031305229306194,-4.22204055498776e-05,-0.0003055036997178238,-7.637088469849044e-05,-0.00021052845995034097,0.32,50,0.6666666666666666,0.4,24,0.3
78,78,0.5416666666666666,-0.00015865016642037732,-0.000138087998455627,-4.9256380138547794e-05,-0.00029474833103378936,-8.825729656723913e-05,-0.0002197090351913437,0.32051282051282054,51,0.6538461538461539,0.45,25,0.3
81,81,0.5432098765432098,-0.00017061112231037638,-0.00014852141244077244,-5.4056375454709015e-05,-0.00029073941226887755,-9.634389376883272e-05,-0.00022561124725946672,0.32098765432098764,53,0.654320987654321,0.5,26,0.3
82,82,0.551829268292683,-0.0002153886824212587,-0.0001835033728170782,-5.8860720588043854e-05,-0.0002871114252043989,-0.00010442490587707997,-0.0002326118060883889,0.3048780487804878,55,0.6707317073170732,0.55,25,0.3
84,84,0.5625,-0.00021387169216979706,-0.00018282596919535316,-5.957441541016665e-05,-0.00028515774702170027,-0.00010565909142044067,-0.00023229412774384786,0.2976190476190476,57,0.6785714285714286,0.6,25,0.3
86,86,0.5581395348837209,-0.00020993226655853837,-0.00017965469257288602,-5.9881453475667226e-05,-0.0002852501643439146,-0.00010621286323544201,-0.00023169222138823888,0.3023255813953488,58,0.6744186046511628,0.65,26,0.3
86,86,0.563953488372093,-0.00022528070166692534,-0.00019091621551549397,-6.31683210271865e-05,-0.0002816279514857833,-0.00011139183753087678,-0.0002355910635880587,0.29069767441860467,59,0.686046511627907,0.7,25,0.3
88,88,0.5710227272727273,-0.00021791298215750087,-0.0001849228518731676,-6.300224056784482e-05,-0.0002872043002436641,-0.00011096332372906493,-0.00023904211850247543,0.29545454545454547,60,0.6818181818181818,0.75,26,0.3
89,89,0.5730337078651685,-0.0002259615968091173,-0.00019367128879423023,-6.518287498878188e-05,-0.0002839772856341847,-0.00011476159394638526,-0.00024162794518463237,0.29213483146067415,61,0.6853932584269663,0.8,26,0.3
12,12,0.4791666666666667,0.0004364437900901824,0.0002799065512010211,-6.307370137144848e-06,-0.00041801501577565817,-1.7477715626527484e-05,-0.00016220125769103588,0.5833333333333334,5,0.4166666666666667,0.1,7,0.35
23,23,0.5434782608695652,-0.0004346963308465809,-0.0003702770407722163,-0.00011872603367438831,-0.0002486864492559426,-0.00019990434903798646,-0.0003017092938620026,0.34782608695652173,15,0.6521739130434783,0.15,8,0.35
43,43,0.5,-0.00015002761638452185,-0.00014466713371701046,-4.011798868875849e-05,-0.0003354898187392279,-7.356745219875179e-05,-0.00022743663813202343,0.3953488372093023,26,0.6046511627906976,0.2,17,0.35
56,56,0.5401785714285714,-8.813962074159352e-05,-9.229219474565042e-05,-4.38130816972102e-05,-0.0003530861804848997,-8.064072788146233e-05,-0.00024354771330054433,0.35714285714285715,35,0.625,0.25,20,0.35
62,62,0.532258064516129,-8.018099983796693e-05,-8.49167323372017e-05,-4.462701064666952e-05,-0.0003336720428401989,-8.023107593677439e-05,-0.0002307513523083943,0.3387096774193548,40,0.6451612903225806,0.3,21,0.35
68,68,0.5220588235294118,-6.506496630457465e-05,-6.391954338894526e-05,-3.286947413375913e-05,-0.0003212631235928571,-6.0587484884145925e-05,-0.00020181768212738192,0.3235294117647059,45,0.6617647058823529,0.35,22,0.35
74,74,0.5168918918918919,-0.00012182357015843911,-0.00010698762331814749,-4.039496692595437e-05,-0.000309113494629328,-7.36267782597495e-05,-0.00020877922658930716,0.32432432432432434,49,0.6621621621621622,0.4,24,0.35
77,77,0.538961038961039,-0.00015373987410669554,-0.00013525284523509316,-4.759343879333157e-05,-0.00029807780447232545,-8.577447235167964e-05,-0.00021814718202932423,0.3246753246753247,50,0.6493506493506493,0.45,25,0.35
80,80,0.540625,-0.00016603447790708263,-0.00014592299514082293,-5.251579435139042e-05,-0.00029389391896890714,-9.405525792637662e-05,-0.00022418174124187452,0.325,52,0.65,0.5,26,0.35
81,81,0.5493827160493827,-0.00021142134918480663,-0.00018136891079708248,-5.7398471907399986e-05,-0.00029018219741350866,-0.00010226429037969428,-0.000231286374945445,0.30864197530864196,54,0.6666666666666666,0.55,25,0.35
83,83,0.5602409638554217,-0.00020998168033360334,-0.000180734778505698,-5.815600037028677e-05,-0.0002881309864283893,-0.00010356540865243008,-0.00023099680725079973,0.30120481927710846,56,0.6746987951807228,0.6,25,0.35
85,85,0.5558823529411765,-0.00020608743822894617,-0.00017757539723331134,-5.850002511984923e-05,-0.00028815453243894286,-0.00010417495855391404,-0.00023041834483202,0.3058823529411765,57,0.6705882352941176,0.65,26,0.35
85,85,0.5617647058823529,-0.00022161644316213768,-0.00018896940868112647,-6.182556170138637e-05,-0.0002844897053118924,-0.00010941486195870686,-0.00023436305576360241,0.29411764705882354,58,0.6823529411764706,0.7,25,0.35
86,86,0.5668604651162791,-0.00021269814161907938,-0.000181774039921685,-6.145704126355707e-05,-0.0002934372040136736,-0.00010871945445656349,-0.0002389238284890778,0.3023255813953488,58,0.6744186046511628,0.75,26,0.35
86,86,0.5668604651162791,-0.00021269814161907938,-0.000181774039921685,-6.145704126355707e-05,-0.0002934372040136736,-0.00010871945445656349,-0.0002389238284890778,0.3023255813953488,58,0.6744186046511628,0.8,26,0.35
12,12,0.4791666666666667,0.0004364437900901824,0.0002799065512010211,-6.307370137144848e-06,-0.00041801501577565817,-1.7477715626527484e-05,-0.00016220125769103588,0.5833333333333334,5,0.4166666666666667,0.1,7,0.4
23,23,0.5434782608695652,-0.0004346963308465809,-0.0003702770407722163,-0.00011872603367438831,-0.0002486864492559426,-0.00019990434903798646,-0.0003017092938620026,0.34782608695652173,15,0.6521739130434783,0.15,8,0.4
43,43,0.5,-0.00015002761638452185,-0.00014466713371701046,-4.011798868875849e-05,-0.0003354898187392279,-7.356745219875179e-05,-0.00022743663813202343,0.3953488372093023,26,0.6046511627906976,0.2,17,0.4
56,56,0.5401785714285714,-8.813962074159352e-05,-9.229219474565042e-05,-4.38130816972102e-05,-0.0003530861804848997,-8.064072788146233e-05,-0.00024354771330054433,0.35714285714285715,35,0.625,0.25,20,0.4
62,62,0.532258064516129,-8.018099983796693e-05,-8.49167323372017e-05,-4.462701064666952e-05,-0.0003336720428401989,-8.023107593677439e-05,-0.0002307513523083943,0.3387096774193548,40,0.6451612903225806,0.3,21,0.4
68,68,0.5220588235294118,-6.506496630457465e-05,-6.391954338894526e-05,-3.286947413375913e-05,-0.0003212631235928571,-6.0587484884145925e-05,-0.00020181768212738192,0.3235294117647059,45,0.6617647058823529,0.35,22,0.4
74,74,0.5168918918918919,-0.00012182357015843911,-0.00010698762331814749,-4.039496692595437e-05,-0.000309113494629328,-7.36267782597495e-05,-0.00020877922658930716,0.32432432432432434,49,0.6621621621621622,0.4,24,0.4
77,77,0.538961038961039,-0.00015373987410669554,-0.00013525284523509316,-4.759343879333157e-05,-0.00029807780447232545,-8.577447235167964e-05,-0.00021814718202932423,0.3246753246753247,50,0.6493506493506493,0.45,25,0.4
80,80,0.540625,-0.00016603447790708263,-0.00014592299514082293,-5.251579435139042e-05,-0.00029389391896890714,-9.405525792637662e-05,-0.00022418174124187452,0.325,52,0.65,0.5,26,0.4
81,81,0.5493827160493827,-0.00021142134918480663,-0.00018136891079708248,-5.7398471907399986e-05,-0.00029018219741350866,-0.00010226429037969428,-0.000231286374945445,0.30864197530864196,54,0.6666666666666666,0.55,25,0.4
83,83,0.5602409638554217,-0.00020998168033360334,-0.000180734778505698,-5.815600037028677e-05,-0.0002881309864283893,-0.00010356540865243008,-0.00023099680725079973,0.30120481927710846,56,0.6746987951807228,0.6,25,0.4
83,83,0.5602409638554217,-0.00020998168033360334,-0.000180734778505698,-5.815600037028677e-05,-0.0002881309864283893,-0.00010356540865243008,-0.00023099680725079973,0.30120481927710846,56,0.6746987951807228,0.65,25,0.4
83,83,0.5662650602409639,-0.0002258848781567513,-0.00019240334444623153,-6.156167036342722e-05,-0.00028437785021394004,-0.00010893157478986851,-0.00023503657145784195,0.2891566265060241,57,0.6867469879518072,0.7,24,0.4
84,84,0.5714285714285714,-0.0002167034213984462,-0.00018499577719531402,-6.118751719300626e-05,-0.00029353971620740593,-0.00010822536338492217,-0.0002396979159661353,0.2976190476190476,57,0.6785714285714286,0.75,25,0.4
84,84,0.5714285714285714,-0.0002167034213984462,-0.00018499577719531402,-6.118751719300626e-05,-0.00029353971620740593,-0.00010822536338492217,-0.0002396979159661353,0.2976190476190476,57,0.6785714285714286,0.8,25,0.4
12,12,0.4791666666666667,0.0004364437900901824,0.0002799065512010211,-6.307370137144848e-06,-0.00041801501577565817,-1.7477715626527484e-05,-0.00016220125769103588,0.5833333333333334,5,0.4166666666666667,0.1,7,0.45
22,22,0.5568181818181818,-0.0004320806051516839,-0.0003689549440566797,-0.00011975829094159921,-0.00025405817202621607,-0.00020151950902888823,-0.0003050107353584252,0.36363636363636365,14,0.6363636363636364,0.15,8,0.45
42,42,0.5059523809523809,-0.00015029766951761493,-0.00014552332474477133,-4.800653773210478e-05,-0.0003162319860007965,-8.755835261094389e-05,-0.0002328517961827859,0.40476190476190477,25,0.5952380952380952,0.2,17,0.45
54,54,0.5462962962962963,-0.0001168951554608927,-0.00011065910230483291,-5.5346757986440434e-05,-0.00030618116996145424,-0.00010035632145618163,-0.0002523851108678242,0.35185185185185186,34,0.6296296296296297,0.25,19,0.45
61,61,0.5368852459016393,-7.922191155998915e-05,-8.452672613697462e-05,-5.0132389036480264e-05,-0.00032038275184162273,-8.997339464251359e-05,-0.00023453416136263026,0.3442622950819672,39,0.639344262295082,0.3,21,0.45
67,67,0.5261194029850746,-6.396615408830542e-05,-6.3251072237272e-05,-3.770634794369264e-05,-0.0003089787106053871,-6.916416921246627e-05,-0.00020482988633823836,0.3283582089552239,44,0.6567164179104478,0.35,22,0.45
71,71,0.528169014084507,-0.0001392950030357635,-0.00012027088450517879,-4.808591981451772e-05,-0.0002981314684941971,-8.696976383325655e-05,-0.00021731014014474666,0.30985915492957744,48,0.676056338028169,0.4,22,0.45
75,75,0.5466666666666666,-0.0001619405315138204,-0.00014177817941171973,-5.3941797159461715e-05,-0.000286615491264219,-9.680142239211653e-05,-0.00022396444021677286,0.32,49,0.6533333333333333,0.45,24,0.45
78,78,0.5480769230769231,-0.00017423497166522544,-0.0001524709485133672,-5.8746199333132455e-05,-0.0002827651848456402,-0.00010487042233896842,-0.0002299299910173072,0.32051282051282054,51,0.6538461538461539,0.5,25,0.45
79,79,0.5569620253164557,-0.0002206670739403837,-0.00018873134363722136,-6.367362309332275e-05,-0.0002791003657081211,-0.00011315037758334993,-0.00023714172620988667,0.3037974683544304,53,0.6708860759493671,0.55,24,0.45
81,81,0.5679012345679012,-0.00021896356821000067,-0.00018789976529320668,-6.429491395810987e-05,-0.0002772721330123911,-0.00011421482995655684,-0.00023670043212118983,0.2962962962962963,55,0.6790123456790124,0.6,24,0.45
81,81,0.5679012345679012,-0.00021896356821000067,-0.00018789976529320668,-6.429491395810987e-05,-0.0002772721330123911,-0.00011421482995655684,-0.00023670043212118983,0.2962962962962963,55,0.6790123456790124,0.65,24,0.45
81,81,0.5679012345679012,-0.00021896356821000067,-0.00018789976529320668,-6.429491395810987e-05,-0.0002772721330123911,-0.00011421482995655684,-0.00023670043212118983,0.2962962962962963,55,0.6790123456790124,0.7,24,0.45
81,81,0.5679012345679012,-0.00021896356821000067,-0.00018789976529320668,-6.429491395810987e-05,-0.0002772721330123911,-0.00011421482995655684,-0.00023670043212118983,0.2962962962962963,55,0.6790123456790124,0.75,24,0.45
81,81,0.5679012345679012,-0.00021896356821000067,-0.00018789976529320668,-6.429491395810987e-05,-0.0002772721330123911,-0.00011421482995655684,-0.00023670043212118983,0.2962962962962963,55,0.6790123456790124,0.8,24,0.45
12,12,0.4791666666666667,0.0004364437900901824,0.0002799065512010211,-6.307370137144848e-06,-0.00041801501577565817,-1.7477715626527484e-05,-0.00016220125769103588,0.5833333333333334,5,0.4166666666666667,0.1,7,0.5
22,22,0.5568181818181818,-0.0004320806051516839,-0.0003689549440566797,-0.00011975829094159921,-0.00025405817202621607,-0.00020151950902888823,-0.0003050107353584252,0.36363636363636365,14,0.6363636363636364,0.15,8,0.5
41,41,0.5060975609756098,-0.0001155407021965929,-0.00011767294456380072,-4.280390806085462e-05,-0.00032394496126910864,-7.896674710122109e-05,-0.00022643614772571572,0.4146341463414634,24,0.5853658536585366,0.2,17,0.5
52,52,0.5384615384615384,-8.305032186577347e-05,-8.32068427438119e-05,-4.595075496448168e-05,-0.00031795736880612556,-8.476606339863357e-05,-0.00024096158952281412,0.36538461538461536,32,0.6153846153846154,0.25,19,0.5
59,59,0.5296610169491526,-4.8115507581209346e-05,-5.944567106055413e-05,-4.167440776458577e-05,-0.00033124318410744045,-7.58808645981096e-05,-0.00022386085612617412,0.3559322033898305,37,0.6271186440677966,0.3,21,0.5
65,65,0.5192307692307693,-3.5261702554591956e-05,-3.983055597099178e-05,-2.9646763678656476e-05,-0.0003184857478547836,-5.573220423585195e-05,-0.00019422783158439688,0.3384615384615385,42,0.6461538461538462,0.35,22,0.5
68,68,0.5257352941176471,-0.0001148642068785748,-0.00010052382412705788,-4.107394377455782e-05,-0.0003061984265327319,-7.537789145229254e-05,-0.0002092507794805772,0.3235294117647059,45,0.6617647058823529,0.4,22,0.5
72,72,0.5451388888888888,-0.00013981056549639456,-0.00012402431523126698,-4.756337023331669e-05,-0.00029375445258269725,-8.626319536115858e-05,-0.000216630084314725,0.3333333333333333,46,0.6388888888888888,0.45,24,0.5
76,76,0.5460526315789473,-0.00017219055226014448,-0.000151006712328677,-5.5558497001011397e-05,-0.0002856558310407594,-9.961250667820782e-05,-0.00022671665442993238,0.32894736842105265,49,0.6447368421052632,0.5,25,0.5
77,77,0.5551948051948052,-0.000219855234067191,-0.0001882279519516532,-6.065530452551989e-05,-0.00028185828093609536,-0.00010817581031414158,-0.00023415743906371358,0.3116883116883117,51,0.6623376623376623,0.55,24,0.5
79,79,0.560126582278481,-0.0002132399211383531,-0.00018312103129557676,-6.096247115030006e-05,-0.0002823836687985847,-0.0001086626345860896,-0.00023303928357261083,0.3037974683544304,53,0.6708860759493671,0.6,24,0.5
79,79,0.560126582278481,-0.0002132399211383531,-0.00018312103129557676,-6.096247115030006e-05,-0.0002823836687985847,-0.0001086626345860896,-0.00023303928357261083,0.3037974683544304,53,0.6708860759493671,0.65,24,0.5
79,79,0.560126582278481,-0.0002132399211383531,-0.00018312103129557676,-6.096247115030006e-05,-0.0002823836687985847,-0.0001086626345860896,-0.00023303928357261083,0.3037974683544304,53,0.6708860759493671,0.7,24,0.5
79,79,0.560126582278481,-0.0002132399211383531,-0.00018312103129557676,-6.096247115030006e-05,-0.0002823836687985847,-0.0001086626345860896,-0.00023303928357261083,0.3037974683544304,53,0.6708860759493671,0.75,24,0.5
79,79,0.560126582278481,-0.0002132399211383531,-0.00018312103129557676,-6.096247115030006e-05,-0.0002823836687985847,-0.0001086626345860896,-0.00023303928357261083,0.3037974683544304,53,0.6708860759493671,0.8,24,0.5
12,12,0.4791666666666667,0.0004364437900901824,0.0002799065512010211,-6.307370137144848e-06,-0.00041801501577565817,-1.7477715626527484e-05,-0.00016220125769103588,0.5833333333333334,5,0.4166666666666667,0.1,7,0.55
22,22,0.5568181818181818,-0.0004320806051516839,-0.0003689549440566797,-0.00011975829094159921,-0.00025405817202621607,-0.00020151950902888823,-0.0003050107353584252,0.36363636363636365,14,0.6363636363636364,0.15,8,0.55
41,41,0.5060975609756098,-0.0001155407021965929,-0.00011767294456380072,-4.280390806085462e-05,-0.00032394496126910864,-7.896674710122109e-05,-0.00022643614772571572,0.4146341463414634,24,0.5853658536585366,0.2,17,0.55
52,52,0.5384615384615384,-8.305032186577347e-05,-8.32068427438119e-05,-4.595075496448168e-05,-0.00031795736880612556,-8.476606339863357e-05,-0.00024096158952281412,0.36538461538461536,32,0.6153846153846154,0.25,19,0.55
59,59,0.5296610169491526,-4.8115507581209346e-05,-5.944567106055413e-05,-4.167440776458577e-05,-0.00033124318410744045,-7.58808645981096e-05,-0.00022386085612617412,0.3559322033898305,37,0.6271186440677966,0.3,21,0.55
64,64,0.51953125,-2.184363219666927e-05,-3.126767203619316e-05,-2.8673452741724212e-05,-0.00032174291360207905,-5.423255673707005e-05,-0.00019429931222871878,0.34375,41,0.640625,0.35,22,0.55
65,65,0.5153846153846153,-5.824689098557404e-05,-5.725972634682104e-05,-3.43713411531644e-05,-0.0003075407885471241,-6.364188964297016e-05,-0.00019913781331872313,0.3384615384615385,42,0.6461538461538462,0.4,22,0.55
68,68,0.5330882352941176,-9.136984060343454e-05,-8.732158865761662e-05,-4.20042309681881e-05,-0.00029634542172556473,-7.657076006126277e-05,-0.000209260289152516,0.3382352941176471,43,0.6323529411764706,0.45,23,0.55
71,71,0.5387323943661971,-0.00013567681169446993,-0.00012313359683341078,-5.183771322352152e-05,-0.00028844362837082693,-9.311409901489152e-05,-0.00022341970885050348,0.323943661971831,46,0.647887323943662,0.5,23,0.55
73,73,0.547945205479452,-0.00015230996449854382,-0.00013411964801934357,-5.441364101249548e-05,-0.0002822596936219495,-9.705476617342356e-05,-0.00022495667039085763,0.3150684931506849,48,0.6575342465753424,0.55,23,0.55
74,74,0.5540540540540541,-0.00015187611683009414,-0.00013370205255974727,-5.5489804006447164e-05,-0.0002784453734378691,-9.891668799673836e-05,-0.0002253277135441386,0.3108108108108108,49,0.6621621621621622,0.6,23,0.55
74,74,0.5540540540540541,-0.00015187611683009414,-0.00013370205255974727,-5.5489804006447164e-05,-0.0002784453734378691,-9.891668799673836e-05,-0.0002253277135441386,0.3108108108108108,49,0.6621621621621622,0.65,23,0.55
74,74,0.5540540540540541,-0.00015187611683009414,-0.00013370205255974727,-5.5489804006447164e-05,-0.0002784453734378691,-9.891668799673836e-05,-0.0002253277135441386,0.3108108108108108,49,0.6621621621621622,0.7,23,0.55
74,74,0.5540540540540541,-0.00015187611683009414,-0.00013370205255974727,-5.5489804006447164e-05,-0.0002784453734378691,-9.891668799673836e-05,-0.0002253277135441386,0.3108108108108108,49,0.6621621621621622,0.75,23,0.55
74,74,0.5540540540540541,-0.00015187611683009414,-0.00013370205255974727,-5.5489804006447164e-05,-0.0002784453734378691,-9.891668799673836e-05,-0.0002253277135441386,0.3108108108108108,49,0.6621621621621622,0.8,23,0.55
12,12,0.4791666666666667,0.0004364437900901824,0.0002799065512010211,-6.307370137144848e-06,-0.00041801501577565817,-1.7477715626527484e-05,-0.00016220125769103588,0.5833333333333334,5,0.4166666666666667,0.1,7,0.6
22,22,0.5568181818181818,-0.0004320806051516839,-0.0003689549440566797,-0.00011975829094159921,-0.00025405817202621607,-0.00020151950902888823,-0.0003050107353584252,0.36363636363636365,14,0.6363636363636364,0.15,8,0.6
41,41,0.5060975609756098,-0.0001155407021965929,-0.00011767294456380072,-4.280390806085462e-05,-0.00032394496126910864,-7.896674710122109e-05,-0.00022643614772571572,0.4146341463414634,24,0.5853658536585366,0.2,17,0.6
52,52,0.5384615384615384,-8.305032186577347e-05,-8.32068427438119e-05,-4.595075496448168e-05,-0.00031795736880612556,-8.476606339863357e-05,-0.00024096158952281412,0.36538461538461536,32,0.6153846153846154,0.25,19,0.6
58,58,0.5258620689655172,-5.5162362958812316e-05,-6.440872100871466e-05,-3.7113660846418314e-05,-0.0003263261424411965,-6.841032851259124e-05,-0.00021582968754661806,0.3620689655172414,36,0.6206896551724138,0.3,21,0.6
62,62,0.5201612903225806,-2.940779530439727e-05,-3.68257531539133e-05,-2.225952151923578e-05,-0.0003221792720932818,-4.3821509769825256e-05,-0.0001853754925695767,0.3548387096774194,39,0.6290322580645161,0.35,22,0.6
64,64,0.51171875,-6.479140653721993e-05,-6.172333497618944e-05,-3.0124053842771684e-05,-0.0003027143696064606,-5.668048233179509e-05,-0.00019147326924963404,0.34375,41,0.640625,0.4,22,0.6
67,67,0.5298507462686567,-9.811569052766137e-05,-9.203401872612965e-05,-3.806104443012675e-05,-0.00029156801606848977,-7.01140257702641e-05,-0.00020209001535269645,0.34328358208955223,42,0.6268656716417911,0.45,23,0.6
68,68,0.5330882352941176,-0.0001276469747750785,-0.00011600609242177508,-4.3024574195990756e-05,-0.00029210391196439885,-7.837083357616233e-05,-0.0002109684967041183,0.3382352941176471,43,0.6323529411764706,0.5,23,0.6
69,69,0.5362318840579711,-0.00012804839153066755,-0.00011583163597647379,-4.2929155484445694e-05,-0.0002896887830964163,-7.812569379904292e-05,-0.0002094312087641934,0.3333333333333333,44,0.6376811594202898,0.55,23,0.6
69,69,0.5362318840579711,-0.00012804839153066755,-0.00011583163597647379,-4.2929155484445694e-05,-0.0002896887830964163,-7.812569379904292e-05,-0.0002094312087641934,0.3333333333333333,44,0.6376811594202898,0.6,23,0.6
69,69,0.5362318840579711,-0.00012804839153066755,-0.00011583163597647379,-4.2929155484445694e-05,-0.0002896887830964163,-7.812569379904292e-05,-0.0002094312087641934,0.3333333333333333,44,0.6376811594202898,0.65,23,0.6
69,69,0.5362318840579711,-0.00012804839153066755,-0.00011583163597647379,-4.2929155484445694e-05,-0.0002896887830964163,-7.812569379904292e-05,-0.0002094312087641934,0.3333333333333333,44,0.6376811594202898,0.7,23,0.6
69,69,0.5362318840579711,-0.00012804839153066755,-0.00011583163597647379,-4.2929155484445694e-05,-0.0002896887830964163,-7.812569379904292e-05,-0.0002094312087641934,0.3333333333333333,44,0.6376811594202898,0.75,23,0.6
69,69,0.5362318840579711,-0.00012804839153066755,-0.00011583163597647379,-4.2929155484445694e-05,-0.0002896887830964163,-7.812569379904292e-05,-0.0002094312087641934,0.3333333333333333,44,0.6376811594202898,0.8,23,0.6
12,12,0.4791666666666667,0.0004364437900901824,0.0002799065512010211,-6.307370137144848e-06,-0.00041801501577565817,-1.7477715626527484e-05,-0.00016220125769103588,0.5833333333333334,5,0.4166666666666667,0.1,7,0.65
20,20,0.575,-0.0004355953295529111,-0.00037004987528505007,-0.00012091567341428467,-0.000263011982083966,-0.00020295821241803625,-0.00030882062588172277,0.35,13,0.65,0.15,7,0.65
38,38,0.5197368421052632,-0.0001441550563057046,-0.00013415292228612024,-4.135701317484051e-05,-0.00030689479430983535,-7.683121463946352e-05,-0.0002253933977873008,0.39473684210526316,23,0.6052631578947368,0.2,15,0.65
51,51,0.5343137254901961,-8.302084795945547e-05,-8.371502335937708e-05,-4.918626697376725e-05,-0.0003241918270180104,-9.01432063328724e-05,-0.00024568632657228105,0.37254901960784315,31,0.6078431372549019,0.25,19,0.65
56,56,0.5267857142857143,-6.442561860231262e-05,-7.324927068812586e-05,-4.185730453767712e-05,-0.0003319116920563087,-7.653104524483142e-05,-0.00022353789067328298,0.35714285714285715,35,0.625,0.3,20,0.65
60,60,0.5208333333333334,-3.7195014983183726e-05,-4.415750059287039e-05,-2.6191784320171256e-05,-0.00032725422272245595,-5.058121809515722e-05,-0.00019155467565522925,0.35,38,0.6333333333333333,0.35,21,0.65
62,62,0.5120967741935484,-7.346883239516885e-05,-6.962172223396327e-05,-3.418316404766201e-05,-0.00030699771207060267,-6.363694111637343e-05,-0.00019764982632220287,0.3387096774193548,40,0.6451612903225806,0.4,21,0.65
64,64,0.5234375,-6.808691388808605e-05,-6.585397501745333e-05,-3.6743511073068086e-05,-0.00029992493078363595,-6.79921107697894e-05,-0.0002004145470900949,0.34375,40,0.625,0.45,22,0.65
66,66,0.5303030303030303,-9.921756059511403e-05,-9.081937973480335e-05,-3.9516748782972034e-05,-0.0002958061288961062,-7.263036090288363e-05,-0.00020655087516690087,0.3333333333333333,42,0.6363636363636364,0.5,22,0.65
67,67,0.5261194029850746,-0.00010095715683817614,-9.179077825630472e-05,-3.9470837354858744e-05,-0.00029326364965994947,-7.246358221709317e-05,-0.0002050336326845486,0.3283582089552239,43,0.6417910447761194,0.55,22,0.65
67,67,0.5261194029850746,-0.00010095715683817614,-9.179077825630472e-05,-3.9470837354858744e-05,-0.00029326364965994947,-7.246358221709317e-05,-0.0002050336326845486,0.3283582089552239,43,0.6417910447761194,0.6,22,0.65
67,67,0.5261194029850746,-0.00010095715683817614,-9.179077825630472e-05,-3.9470837354858744e-05,-0.00029326364965994947,-7.246358221709317e-05,-0.0002050336326845486,0.3283582089552239,43,0.6417910447761194,0.65,22,0.65
67,67,0.5261194029850746,-0.00010095715683817614,-9.179077825630472e-05,-3.9470837354858744e-05,-0.00029326364965994947,-7.246358221709317e-05,-0.0002050336326845486,0.3283582089552239,43,0.6417910447761194,0.7,22,0.65
67,67,0.5261194029850746,-0.00010095715683817614,-9.179077825630472e-05,-3.9470837354858744e-05,-0.00029326364965994947,-7.246358221709317e-05,-0.0002050336326845486,0.3283582089552239,43,0.6417910447761194,0.75,22,0.65
67,67,0.5261194029850746,-0.00010095715683817614,-9.179077825630472e-05,-3.9470837354858744e-05,-0.00029326364965994947,-7.246358221709317e-05,-0.0002050336326845486,0.3283582089552239,43,0.6417910447761194,0.8,22,0.65
12,12,0.4791666666666667,0.0004364437900901824,0.0002799065512010211,-6.307370137144848e-06,-0.00041801501577565817,-1.7477715626527484e-05,-0.00016220125769103588,0.5833333333333334,5,0.4166666666666667,0.1,7,0.7
20,20,0.575,-0.0004355953295529111,-0.00037004987528505007,-0.00012091567341428467,-0.000263011982083966,-0.00020295821241803625,-0.00030882062588172277,0.35,13,0.65,0.15,7,0.7
37,37,0.5202702702702703,-0.00019691925382223086,-0.00017704064643801341,-5.9113873961798854e-05,-0.00026847222551054574,-0.00010470724922284024,-0.00022714132676222217,0.3783783783783784,23,0.6216216216216216,0.2,14,0.7
47,47,0.5319148936170213,-0.00012491248106340962,-0.00011864924173372723,-6.0108237058009955e-05,-0.0002663368276206939,-0.00010730482377860753,-0.00024178869786254363,0.3617021276595745,29,0.6170212765957447,0.25,17,0.7
51,51,0.5294117647058824,-0.00014982739980498377,-0.00013592828342083612,-4.587525054446667e-05,-0.000280051726431589,-8.336483356169433e-05,-0.00020959354709397063,0.35294117647058826,32,0.6274509803921569,0.3,18,0.7
54,54,0.5277777777777778,-0.00012645886353831396,-0.00010815398030071045,-4.2981572218471744e-05,-0.00027348813459740403,-7.778608342363061e-05,-0.00019982016243973527,0.3333333333333333,35,0.6481481481481481,0.35,18,0.7
55,55,0.5181818181818182,-0.00016875530089139487,-0.00013844982904649746,-4.7199993653273594e-05,-0.0002575811646052696,-8.476919958652881e-05,-0.00020161669660917784,0.32727272727272727,36,0.6545454545454545,0.4,18,0.7
58,58,0.5258620689655172,-0.0001576429964875529,-0.0001301598987777126,-4.736186723012543e-05,-0.0002519549371139353,-8.51176557057459e-05,-0.00020105448440162546,0.3275862068965517,37,0.6379310344827587,0.45,19,0.7
59,59,0.5254237288135594,-0.00015622509956469166,-0.00012880347023608532,-4.463288942502629e-05,-0.00024957096757954395,-8.060966073981676e-05,-0.00019764678127617418,0.3220338983050847,38,0.6440677966101694,0.5,19,0.7
59,59,0.5254237288135594,-0.00015622509956469166,-0.00012880347023608532,-4.463288942502629e-05,-0.00024957096757954395,-8.060966073981676e-05,-0.00019764678127617418,0.3220338983050847,38,0.6440677966101694,0.55,19,0.7
59,59,0.5254237288135594,-0.00015622509956469166,-0.00012880347023608532,-4.463288942502629e-05,-0.00024957096757954395,-8.060966073981676e-05,-0.00019764678127617418,0.3220338983050847,38,0.6440677966101694,0.6,19,0.7
59,59,0.5254237288135594,-0.00015622509956469166,-0.00012880347023608532,-4.463288942502629e-05,-0.00024957096757954395,-8.060966073981676e-05,-0.00019764678127617418,0.3220338983050847,38,0.6440677966101694,0.65,19,0.7
59,59,0.5254237288135594,-0.00015622509956469166,-0.00012880347023608532,-4.463288942502629e-05,-0.00024957096757954395,-8.060966073981676e-05,-0.00019764678127617418,0.3220338983050847,38,0.6440677966101694,0.7,19,0.7
59,59,0.5254237288135594,-0.00015622509956469166,-0.00012880347023608532,-4.463288942502629e-05,-0.00024957096757954395,-8.060966073981676e-05,-0.00019764678127617418,0.3220338983050847,38,0.6440677966101694,0.75,19,0.7
59,59,0.5254237288135594,-0.00015622509956469166,-0.00012880347023608532,-4.463288942502629e-05,-0.00024957096757954395,-8.060966073981676e-05,-0.00019764678127617418,0.3220338983050847,38,0.6440677966101694,0.8,19,0.7
10,10,0.5,0.00048779458073649193,0.0003122372552287353,-2.2596472744285113e-05,-0.00040561763852709073,-4.659147703170996e-05,-0.00018492809898336128,0.6,4,0.4,0.1,6,0.75
18,18,0.5972222222222222,-0.0005039603480430829,-0.00042430575376810564,-0.00014269943078237812,-0.00023890199098012944,-0.0002397414683977497,-0.00033773768973197987,0.3333333333333333,12,0.6666666666666666,0.15,6,0.75
32,32,0.53125,-0.00017332322322811608,-0.00016124891936927137,-5.408608786273625e-05,-0.00026760255412288606,-9.716271912707172e-05,-0.00022695150262037195,0.4375,18,0.5625,0.2,14,0.75
40,40,0.53125,-6.85528881181223e-05,-7.338303046618109e-05,-5.199660397554595e-05,-0.00026433985300001875,-9.444147575033146e-05,-0.00023267139595636033,0.425,22,0.55,0.25,17,0.75
43,43,0.5348837209302325,-8.566528368140099e-05,-8.74938371590025e-05,-2.9938135350235567e-05,-0.0002869395644148646,-5.781857329756722e-05,-0.00019130280617152016,0.4186046511627907,24,0.5581395348837209,0.3,18,0.75
45,45,0.5277777777777778,-3.913794935030721e-05,-4.444879359719076e-05,-2.631688697410311e-05,-0.0002786687133074689,-5.111860601149592e-05,-0.00018021705466742717,0.4,26,0.5777777777777777,0.35,18,0.75
46,46,0.5163043478260869,-9.160805736351277e-05,-8.205698637375174e-05,-3.1722927499287245e-05,-0.00025953688877969805,-6.0047711802181476e-05,-0.00018279123916941956,0.391304347826087,27,0.5869565217391305,0.4,18,0.75
47,47,0.5212765957446809,-8.677581586112681e-05,-7.766259700440327e-05,-3.124687908652476e-05,-0.0002579989598444846,-5.911490697459431e-05,-0.0001814780268702445,0.40425531914893614,27,0.574468085106383,0.45,19,0.75
47,47,0.5212765957446809,-8.677581586112681e-05,-7.766259700440327e-05,-3.124687908652476e-05,-0.0002579989598444846,-5.911490697459431e-05,-0.0001814780268702445,0.40425531914893614,27,0.574468085106383,0.5,19,0.75
47,47,0.5212765957446809,-8.677581586112681e-05,-7.766259700440327e-05,-3.124687908652476e-05,-0.0002579989598444846,-5.911490697459431e-05,-0.0001814780268702445,0.40425531914893614,27,0.574468085106383,0.55,19,0.75
47,47,0.5212765957446809,-8.677581586112681e-05,-7.766259700440327e-05,-3.124687908652476e-05,-0.0002579989598444846,-5.911490697459431e-05,-0.0001814780268702445,0.40425531914893614,27,0.574468085106383,0.6,19,0.75
47,47,0.5212765957446809,-8.677581586112681e-05,-7.766259700440327e-05,-3.124687908652476e-05,-0.0002579989598444846,-5.911490697459431e-05,-0.0001814780268702445,0.40425531914893614,27,0.574468085106383,0.65,19,0.75
47,47,0.5212765957446809,-8.677581586112681e-05,-7.766259700440327e-05,-3.124687908652476e-05,-0.0002579989598444846,-5.911490697459431e-05,-0.0001814780268702445,0.40425531914893614,27,0.574468085106383,0.7,19,0.75
47,47,0.5212765957446809,-8.677581586112681e-05,-7.766259700440327e-05,-3.124687908652476e-05,-0.0002579989598444846,-5.911490697459431e-05,-0.0001814780268702445,0.40425531914893614,27,0.574468085106383,0.75,19,0.75
47,47,0.5212765957446809,-8.677581586112681e-05,-7.766259700440327e-05,-3.124687908652476e-05,-0.0002579989598444846,-5.911490697459431e-05,-0.0001814780268702445,0.40425531914893614,27,0.574468085106383,0.8,19,0.75
10,10,0.5,0.00048779458073649193,0.0003122372552287353,-2.2596472744285113e-05,-0.00040561763852709073,-4.659147703170996e-05,-0.00018492809898336128,0.6,4,0.4,0.1,6,0.8
17,17,0.5735294117647058,-0.0004261041515529261,-0.0003632774467229063,-0.00012856749601794666,-0.00025295504927307826,-0.0002156877875469659,-0.0003169806282569981,0.35294117647058826,11,0.6470588235294118,0.15,6,0.8
29,29,0.5344827586206896,-0.0001289855538521529,-0.0001277799257689594,-5.03237831687115e-05,-0.00027947369105135543,-9.140321747562894e-05,-0.0002266151844498356,0.4482758620689655,16,0.5517241379310345,0.2,13,0.8
35,35,0.5357142857142857,-0.00012580988712611993,-0.00012159509307389713,-4.069989401838432e-05,-0.0002530156824477016,-7.620712881195273e-05,-0.00021332808081540668,0.42857142857142855,19,0.5428571428571428,0.25,15,0.8
37,37,0.5405405405405406,-0.0001477468349563582,-0.00013879499936285476,-3.949260325276139e-05,-0.00023933915907215018,-7.390910394395217e-05,-0.00020767913266949066,0.40540540540540543,21,0.5675675675675675,0.3,15,0.8
39,39,0.532051282051282,-9.087777989355988e-05,-8.649681257595133e-05,-3.482426702888928e-05,-0.000232236915760679,-6.535321704226042e-05,-0.00019404806931871821,0.38461538461538464,23,0.5897435897435898,0.35,15,0.8
41,41,0.524390243902439,-9.79872671885131e-05,-8.74266977116891e-05,-3.687985391668448e-05,-0.00023695963518499116,-6.877008395157453e-05,-0.00019697843638962032,0.3902439024390244,24,0.5853658536585366,0.4,16,0.8
41,41,0.524390243902439,-9.79872671885131e-05,-8.74266977116891e-05,-3.687985391668448e-05,-0.00023695963518499116,-6.877008395157453e-05,-0.00019697843638962032,0.3902439024390244,24,0.5853658536585366,0.45,16,0.8
41,41,0.524390243902439,-9.79872671885131e-05,-8.74266977116891e-05,-3.687985391668448e-05,-0.00023695963518499116,-6.877008395157453e-05,-0.00019697843638962032,0.3902439024390244,24,0.5853658536585366,0.5,16,0.8
41,41,0.524390243902439,-9.79872671885131e-05,-8.74266977116891e-05,-3.687985391668448e-05,-0.00023695963518499116,-6.877008395157453e-05,-0.00019697843638962032,0.3902439024390244,24,0.5853658536585366,0.55,16,0.8
41,41,0.524390243902439,-9.79872671885131e-05,-8.74266977116891e-05,-3.687985391668448e-05,-0.00023695963518499116,-6.877008395157453e-05,-0.00019697843638962032,0.3902439024390244,24,0.5853658536585366,0.6,16,0.8
41,41,0.524390243902439,-9.79872671885131e-05,-8.74266977116891e-05,-3.687985391668448e-05,-0.00023695963518499116,-6.877008395157453e-05,-0.00019697843638962032,0.3902439024390244,24,0.5853658536585366,0.65,16,0.8
41,41,0.524390243902439,-9.79872671885131e-05,-8.74266977116891e-05,-3.687985391668448e-05,-0.00023695963518499116,-6.877008395157453e-05,-0.00019697843638962032,0.3902439024390244,24,0.5853658536585366,0.7,16,0.8
41,41,0.524390243902439,-9.79872671885131e-05,-8.74266977116891e-05,-3.687985391668448e-05,-0.00023695963518499116,-6.877008395157453e-05,-0.00019697843638962032,0.3902439024390244,24,0.5853658536585366,0.75,16,0.8
41,41,0.524390243902439,-9.79872671885131e-05,-8.74266977116891e-05,-3.687985391668448e-05,-0.00023695963518499116,-6.877008395157453e-05,-0.00019697843638962032,0.3902439024390244,24,0.5853658536585366,0.8,16,0.8
