anchor_assd_px,anchor_boundary_f1,anchor_boundary_iou,anchor_component_count_mae,anchor_component_delta_mean,anchor_component_merge_rate,anchor_dice,anchor_gap_region_fp_rate,anchor_gap_region_precision,anchor_gt_instance_count,anchor_gt_instances_covered,anchor_gt_instances_multi_covered,anchor_hd95_px,anchor_iou,anchor_merged_pred_components,anchor_precision,anchor_pred_component_count_instance_match,anchor_recall,anchor_specificity,anchor_surface_dice_2px,anchor_surface_dice_5px,cut_pixels,delta_assd_px,delta_boundary_f1,delta_boundary_iou,delta_component_count_mae,delta_component_delta_mean,delta_component_merge_rate,delta_dice,delta_gap_region_fp_rate,delta_gap_region_precision,delta_gt_instance_count,delta_gt_instances_covered,delta_gt_instances_multi_covered,delta_hd95_px,delta_iou,delta_merged_pred_components,delta_precision,delta_pred_component_count_instance_match,delta_recall,delta_specificity,delta_surface_dice_2px,delta_surface_dice_5px,image,max_cut_frac,r222_assd_px,r222_boundary_f1,r222_boundary_iou,r222_component_count_mae,r222_component_delta_mean,r222_component_merge_rate,r222_dice,r222_gap_region_fp_rate,r222_gap_region_precision,r222_gt_instance_count,r222_gt_instances_covered,r222_gt_instances_multi_covered,r222_hd95_px,r222_iou,r222_merged_pred_components,r222_precision,r222_pred_component_count_instance_match,r222_recall,r222_specificity,r222_surface_dice_2px,r222_surface_dice_5px,threshold
,0.4363768379016155,0.2790805665196192,1.0,-1.0,1.0,0.9025088273555101,0.13884777722962233,0.8611522227703776,29.0,29.0,0.0,,0.822338119750745,2.0,0.9048630519843488,27.0,0.9001668211306766,0.9975970611295224,,,0.0,,0.0,0.0,0.0,0.0,0.0,0.0,0.0,0.0,0.0,0.0,0.0,,0.0,0.0,0.0,0.0,0.0,0.0,,,10375.png,0.0015,,0.4363768379016155,0.2790805665196192,1.0,-1.0,1.0,0.9025088273555101,0.13884777722962233,0.8611522227703776,29.0,29.0,0.0,,0.822338119750745,2.0,0.9048630519843488,27.0,0.9001668211306766,0.9975970611295224,,,0.001
,0.4067627425291659,0.2553058187798575,0.0,0.0,0.0,0.8978390408500251,0.19581738503356078,0.8041826149664393,26.0,26.0,0.0,,0.8146169880145909,0.0,0.8750043729228616,26.0,0.9218974604695735,0.9977519451054314,,,0.0,,0.0,0.0,0.0,0.0,0.0,0.0,0.0,0.0,0.0,0.0,0.0,,0.0,0.0,0.0,0.0,0.0,0.0,,,10520.png,0.0015,,0.4067627425291659,0.2553058187798575,0.0,0.0,0.0,0.8978390408500251,0.19581738503356078,0.8041826149664393,26.0,26.0,0.0,,0.8146169880145909,0.0,0.8750043729228616,26.0,0.9218974604695735,0.9977519451054314,,,0.001
,0.3221402721150763,0.191994757822312,1.0,1.0,0.0,0.8875239843163427,0.1942885855455992,0.8057114144544009,27.0,27.0,0.0,,0.7977915674621773,0.0,0.8967820791098561,27.0,0.8784550915508949,0.9979757712464463,,,0.0,,0.0,0.0,0.0,0.0,0.0,0.0,0.0,0.0,0.0,0.0,0.0,,0.0,0.0,0.0,0.0,0.0,0.0,,,10618.png,0.0015,,0.3221402721150763,0.191994757822312,1.0,1.0,0.0,0.8875239843163427,0.1942885855455992,0.8057114144544009,27.0,27.0,0.0,,0.7977915674621773,0.0,0.8967820791098561,27.0,0.8784550915508949,0.9979757712464463,,,0.001
,0.2542683228584154,0.14565143440299352,3.0,-3.0,1.0,0.8543689320388349,0.3637540453074434,0.6362459546925566,27.0,27.0,0.0,,0.7457627118644068,2.0,0.8009068515248621,26.0,0.915478919565434,0.9939049782573296,,,0.0,,0.0,0.0,0.0,0.0,0.0,0.0,0.0,0.0,0.0,0.0,0.0,,0.0,0.0,0.0,0.0,0.0,0.0,,,10624.png,0.0015,,0.2542683228584154,0.14565143440299352,3.0,-3.0,1.0,0.8543689320388349,0.3637540453074434,0.6362459546925566,27.0,27.0,0.0,,0.7457627118644068,2.0,0.8009068515248621,26.0,0.915478919565434,0.9939049782573296,,,0.001
,0.4076344385622736,0.25599300087489063,1.0,1.0,0.0,0.8741845467526529,0.1957871878393051,0.8042128121606948,26.0,26.0,0.0,,0.7764900936748735,1.0,0.8566516068848201,24.0,0.8924501695948779,0.9946793740711648,,,0.0,,0.0,0.0,0.0,0.0,0.0,0.0,0.0,0.0,0.0,0.0,0.0,,0.0,0.0,0.0,0.0,0.0,0.0,,,11852.png,0.0015,,0.4076344385622736,0.25599300087489063,1.0,1.0,0.0,0.8741845467526529,0.1957871878393051,0.8042128121606948,26.0,26.0,0.0,,0.7764900936748735,1.0,0.8566516068848201,24.0,0.8924501695948779,0.9946793740711648,,,0.001
,0.474025974025974,0.31063829787234043,1.0,-1.0,1.0,0.9386339329588484,0.1479247206763244,0.8520752793236757,26.0,26.0,0.0,,0.8843639928828207,1.0,0.9331583585577992,25.0,0.9441741456512047,0.9977400024744025,,,0.0,,0.0,0.0,0.0,0.0,0.0,0.0,0.0,0.0,0.0,0.0,0.0,,0.0,0.0,0.0,0.0,0.0,0.0,,,11945.png,0.0015,,0.474025974025974,0.31063829787234043,1.0,-1.0,1.0,0.9386339329588484,0.1479247206763244,0.8520752793236757,26.0,26.0,0.0,,0.8843639928828207,1.0,0.9331583585577992,25.0,0.9441741456512047,0.9977400024744025,,,0.001
,0.4627277747101049,0.3010057471264368,0.0,0.0,0.0,0.9495969934624726,0.11915764224487636,0.8808423577551237,27.0,27.0,0.0,,0.9040311076342552,1.0,0.9587379825289152,24.0,0.9406286658207847,0.9981691307431207,,,0.0,,0.0,0.0,0.0,0.0,0.0,0.0,0.0,0.0,0.0,0.0,0.0,,0.0,0.0,0.0,0.0,0.0,0.0,,,12498.png,0.0015,,0.4627277747101049,0.3010057471264368,0.0,0.0,0.0,0.9495969934624726,0.11915764224487636,0.8808423577551237,27.0,27.0,0.0,,0.9040311076342552,1.0,0.9587379825289152,24.0,0.9406286658207847,0.9981691307431207,,,0.001
,0.49643203744933495,0.3301693370795049,1.0,1.0,0.0,0.9165367550065955,0.12797357964807266,0.8720264203519273,26.0,26.0,1.0,,0.8459324847814056,1.0,0.92432350718065,26.0,0.9088801022683355,0.9978960357547835,,,0.0,,0.0,0.0,0.0,0.0,0.0,0.0,0.0,0.0,0.0,0.0,0.0,,0.0,0.0,0.0,0.0,0.0,0.0,,,12627.png,0.0015,,0.49643203744933495,0.3301693370795049,1.0,1.0,0.0,0.9165367550065955,0.12797357964807266,0.8720264203519273,26.0,26.0,1.0,,0.8459324847814056,1.0,0.92432350718065,26.0,0.9088801022683355,0.9978960357547835,,,0.001
,0.3760599262329366,0.23157253910274422,2.0,2.0,0.0,0.925741399762752,0.2176649226153452,0.7823350773846548,27.0,27.0,0.0,,0.8617491166077739,1.0,0.9180576432912881,24.0,0.9335548614341729,0.9976958686251844,,,0.0,,0.0,0.0,0.0,0.0,0.0,0.0,0.0,0.0,0.0,0.0,0.0,,0.0,0.0,0.0,0.0,0.0,0.0,,,12827.png,0.0015,,0.3760599262329366,0.23157253910274422,2.0,2.0,0.0,0.925741399762752,0.2176649226153452,0.7823350773846548,27.0,27.0,0.0,,0.8617491166077739,1.0,0.9180576432912881,24.0,0.9335548614341729,0.9976958686251844,,,0.001
,0.530457359696425,0.36096765425387334,0.0,0.0,0.0,0.9050989056512583,0.06088421052631579,0.9391157894736842,22.0,22.0,0.0,,0.8266490099634254,0.0,0.9477299016772701,22.0,0.8661380905186653,0.9995728649302021,,,0.0,,0.0,0.0,0.0,0.0,0.0,0.0,0.0,0.0,0.0,0.0,0.0,,0.0,0.0,0.0,0.0,0.0,0.0,,,13220.png,0.0015,,0.530457359696425,0.36096765425387334,0.0,0.0,0.0,0.9050989056512583,0.06088421052631579,0.9391157894736842,22.0,22.0,0.0,,0.8266490099634254,0.0,0.9477299016772701,22.0,0.8661380905186653,0.9995728649302021,,,0.001
,0.3631018008085263,0.22182308037718904,0.0,0.0,0.0,0.9164516103259003,0.16284825077805692,0.8371517492219431,27.0,27.0,1.0,,0.8457874323467386,1.0,0.9284615758203688,27.0,0.9047483830257138,0.9979478677607657,,,0.0,,0.0,0.0,0.0,0.0,0.0,0.0,0.0,0.0,0.0,0.0,0.0,,0.0,0.0,0.0,0.0,0.0,0.0,,,13436.png,0.0015,,0.3631018008085263,0.22182308037718904,0.0,0.0,0.0,0.9164516103259003,0.16284825077805692,0.8371517492219431,27.0,27.0,1.0,,0.8457874323467386,1.0,0.9284615758203688,27.0,0.9047483830257138,0.9979478677607657,,,0.001
,0.4851149159339812,0.320232155584971,0.0,0.0,0.0,0.9162424157891066,0.06518714806227227,0.9348128519377277,23.0,23.0,0.0,,0.8454311454311454,0.0,0.9513855363522256,23.0,0.8836031027216069,0.9989519510674592,,,0.0,,0.0,0.0,0.0,0.0,0.0,0.0,0.0,0.0,0.0,0.0,0.0,,0.0,0.0,0.0,0.0,0.0,0.0,,,13441.png,0.0015,,0.4851149159339812,0.320232155584971,0.0,0.0,0.0,0.9162424157891066,0.06518714806227227,0.9348128519377277,23.0,23.0,0.0,,0.8454311454311454,0.0,0.9513855363522256,23.0,0.8836031027216069,0.9989519510674592,,,0.001
,0.44652070840886904,0.2874326750448833,0.0,0.0,0.0,0.9069467331096508,0.1109672646569262,0.8890327353430738,25.0,25.0,0.0,,0.8297369950595757,0.0,0.9264246603123099,25.0,0.8882709807886754,0.9984369884023505,,,0.0,,0.0,0.0,0.0,0.0,0.0,0.0,0.0,0.0,0.0,0.0,0.0,,0.0,0.0,0.0,0.0,0.0,0.0,,,13454.png,0.0015,,0.44652070840886904,0.2874326750448833,0.0,0.0,0.0,0.9069467331096508,0.1109672646569262,0.8890327353430738,25.0,25.0,0.0,,0.8297369950595757,0.0,0.9264246603123099,25.0,0.8882709807886754,0.9984369884023505,,,0.001
,0.456278079924332,0.2955701243796336,1.0,-1.0,1.0,0.9247154768425537,0.1056701030927835,0.8943298969072165,27.0,27.0,0.0,,0.8599728322390763,1.0,0.9487355604121136,25.0,0.9018816406481867,0.9984316447353758,,,0.0,,0.0,0.0,0.0,0.0,0.0,0.0,0.0,0.0,0.0,0.0,0.0,,0.0,0.0,0.0,0.0,0.0,0.0,,,13480.png,0.0015,,0.456278079924332,0.2955701243796336,1.0,-1.0,1.0,0.9247154768425537,0.1056701030927835,0.8943298969072165,27.0,27.0,0.0,,0.8599728322390763,1.0,0.9487355604121136,25.0,0.9018816406481867,0.9984316447353758,,,0.001
,0.26297229219143575,0.1513921113689095,0.0,0.0,0.0,0.7886899151743638,0.38031537916371366,0.6196846208362863,22.0,22.0,0.0,,0.6511048863990041,0.0,0.6906113825432457,22.0,0.9192371913173389,0.9974540647762853,,,0.0,,0.0,0.0,0.0,0.0,0.0,0.0,0.0,0.0,0.0,0.0,0.0,,0.0,0.0,0.0,0.0,0.0,0.0,,,13517.png,0.0015,,0.26297229219143575,0.1513921113689095,0.0,0.0,0.0,0.7886899151743638,0.38031537916371366,0.6196846208362863,22.0,22.0,0.0,,0.6511048863990041,0.0,0.6906113825432457,22.0,0.9192371913173389,0.9974540647762853,,,0.001
,0.2647373180958645,0.1525632521557851,1.0,-1.0,1.0,0.873584856780166,0.3180457476205097,0.6819542523794904,27.0,27.0,0.0,,0.7755443115608709,0.0,0.8442267249724605,27.0,0.9050584214575841,0.9941215780851322,,,0.0,,0.0,0.0,0.0,0.0,0.0,0.0,0.0,0.0,0.0,0.0,0.0,,0.0,0.0,0.0,0.0,0.0,0.0,,,13840.png,0.0015,,0.2647373180958645,0.1525632521557851,1.0,-1.0,1.0,0.873584856780166,0.3180457476205097,0.6819542523794904,27.0,27.0,0.0,,0.7755443115608709,0.0,0.8442267249724605,27.0,0.9050584214575841,0.9941215780851322,,,0.001
,0.27669350802966197,0.1605596620908131,4.0,-4.0,1.0,0.8648620047409414,0.2727621156630611,0.7272378843369389,27.0,27.0,0.0,,0.7619003225626014,2.0,0.8488719930200673,25.0,0.8814659821390052,0.9961391457189892,,,0.0,,0.0,0.0,0.0,0.0,0.0,0.0,0.0,0.0,0.0,0.0,0.0,,0.0,0.0,0.0,0.0,0.0,0.0,,,13867.png,0.0015,,0.27669350802966197,0.1605596620908131,4.0,-4.0,1.0,0.8648620047409414,0.2727621156630611,0.7272378843369389,27.0,27.0,0.0,,0.7619003225626014,2.0,0.8488719930200673,25.0,0.8814659821390052,0.9961391457189892,,,0.001
,0.22177136168552478,0.12471476215552045,4.0,4.0,0.0,0.8097185683019035,0.07493558047217773,0.9250644195278223,19.0,19.0,0.0,,0.6802748885586924,1.0,0.8854131412270947,22.0,0.7459470468431771,0.9992280296254218,,,0.0,,0.0,0.0,0.0,0.0,0.0,0.0,0.0,0.0,0.0,0.0,0.0,,0.0,0.0,0.0,0.0,0.0,0.0,,,1399.png,0.0015,,0.22177136168552478,0.12471476215552045,4.0,4.0,0.0,0.8097185683019035,0.07493558047217773,0.9250644195278223,19.0,19.0,0.0,,0.6802748885586924,1.0,0.8854131412270947,22.0,0.7459470468431771,0.9992280296254218,,,0.001
,0.4545976069496804,0.29416131940393486,3.0,-3.0,1.0,0.9403342687778893,0.210977095037913,0.7890229049620869,28.0,28.0,0.0,,0.8873876365647905,1.0,0.9201020949540429,21.0,0.9614762204441248,0.9979047952813523,,,0.0,,0.0,0.0,0.0,0.0,0.0,0.0,0.0,0.0,0.0,0.0,0.0,,0.0,0.0,0.0,0.0,0.0,0.0,,,14041.png,0.0015,,0.4545976069496804,0.29416131940393486,3.0,-3.0,1.0,0.9403342687778893,0.210977095037913,0.7890229049620869,28.0,28.0,0.0,,0.8873876365647905,1.0,0.9201020949540429,21.0,0.9614762204441248,0.9979047952813523,,,0.001
,0.16310257339615802,0.08879242304656669,1.0,-1.0,1.0,0.6380715782936107,0.05993229023698417,0.9400677097630158,12.0,11.0,4.0,,0.4685059567918828,1.0,0.9059744268077602,15.0,0.49245056920311564,0.999722865332045,,,0.0,,0.0,0.0,0.0,0.0,0.0,0.0,0.0,0.0,0.0,0.0,0.0,,0.0,0.0,0.0,0.0,0.0,0.0,,,1418.png,0.0015,,0.16310257339615802,0.08879242304656669,1.0,-1.0,1.0,0.6380715782936107,0.05993229023698417,0.9400677097630158,12.0,11.0,4.0,,0.4685059567918828,1.0,0.9059744268077602,15.0,0.49245056920311564,0.999722865332045,,,0.001
,0.2926949806949807,0.17143684191482433,2.0,-2.0,1.0,0.921664816297023,0.3112669471715755,0.6887330528284246,27.0,27.0,0.0,,0.8547108823177302,2.0,0.9064293331979076,19.0,0.9374212184873949,0.9962907364708345,,,0.0,,0.0,0.0,0.0,0.0,0.0,0.0,0.0,0.0,0.0,0.0,0.0,,0.0,0.0,0.0,0.0,0.0,0.0,,,1452.png,0.0015,,0.2926949806949807,0.17143684191482433,2.0,-2.0,1.0,0.921664816297023,0.3112669471715755,0.6887330528284246,27.0,27.0,0.0,,0.8547108823177302,2.0,0.9064293331979076,19.0,0.9374212184873949,0.9962907364708345,,,0.001
,0.4406073474620408,0.28255061144794985,1.0,-1.0,1.0,0.9396147686702027,0.19084602624038607,0.809153973759614,28.0,28.0,0.0,,0.88610699291979,2.0,0.9265328001854427,24.0,0.953071443474114,0.9980146192305133,,,0.0,,0.0,0.0,0.0,0.0,0.0,0.0,0.0,0.0,0.0,0.0,0.0,,0.0,0.0,0.0,0.0,0.0,0.0,,,15040.png,0.0015,,0.4406073474620408,0.28255061144794985,1.0,-1.0,1.0,0.9396147686702027,0.19084602624038607,0.809153973759614,28.0,28.0,0.0,,0.88610699291979,2.0,0.9265328001854427,24.0,0.953071443474114,0.9980146192305133,,,0.001
,0.44864,0.2891914191419142,2.0,-2.0,1.0,0.937545553578846,0.19222218035196142,0.8077778196480385,28.0,28.0,0.0,,0.8824336485549474,2.0,0.9203286558345642,24.0,0.9554188962542928,0.9979541772042871,,,0.0,,0.0,0.0,0.0,0.0,0.0,0.0,0.0,0.0,0.0,0.0,0.0,,0.0,0.0,0.0,0.0,0.0,0.0,,,15067.png,0.0015,,0.44864,0.2891914191419142,2.0,-2.0,1.0,0.937545553578846,0.19222218035196142,0.8077778196480385,28.0,28.0,0.0,,0.8824336485549474,2.0,0.9203286558345642,24.0,0.9554188962542928,0.9979541772042871,,,0.001
,0.31607629427792916,0.18770226537216828,2.0,2.0,0.0,0.8303954969634129,0.23969072164948454,0.7603092783505154,2.0,2.0,0.0,,0.7099797365754813,0.0,0.743895966029724,4.0,0.9396580623533356,0.99968786722098,,,0.0,,0.0,0.0,0.0,0.0,0.0,0.0,0.0,0.0,0.0,0.0,0.0,,0.0,0.0,0.0,0.0,0.0,0.0,,,1518.png,0.0015,,0.31607629427792916,0.18770226537216828,2.0,2.0,0.0,0.8303954969634129,0.23969072164948454,0.7603092783505154,2.0,2.0,0.0,,0.7099797365754813,0.0,0.743895966029724,4.0,0.9396580623533356,0.99968786722098,,,0.001
,0.35948827292110874,0.21913179100597868,2.0,2.0,0.0,0.803672544895648,0.09724170172978028,0.9027582982702197,19.0,18.0,0.0,,0.6717830820204206,0.0,0.8120810854994278,21.0,0.7954363490792634,0.9992540863027664,,,0.0,,0.0,0.0,0.0,0.0,0.0,0.0,0.0,0.0,0.0,0.0,0.0,,0.0,0.0,0.0,0.0,0.0,0.0,,,1522.png,0.0015,,0.35948827292110874,0.21913179100597868,2.0,2.0,0.0,0.803672544895648,0.09724170172978028,0.9027582982702197,19.0,18.0,0.0,,0.6717830820204206,0.0,0.8120810854994278,21.0,0.7954363490792634,0.9992540863027664,,,0.001
,0.38818398096748613,0.24083640836408365,0.0,0.0,0.0,0.9112713156800222,0.045071928027435086,0.9549280719725649,27.0,27.0,0.0,,0.8370049662549344,0.0,0.974909153832843,27.0,0.8554324013621674,0.9995084319657733,,,0.0,,0.0,0.0,0.0,0.0,0.0,0.0,0.0,0.0,0.0,0.0,0.0,,0.0,0.0,0.0,0.0,0.0,0.0,,,15274.png,0.0015,,0.38818398096748613,0.24083640836408365,0.0,0.0,0.0,0.9112713156800222,0.045071928027435086,0.9549280719725649,27.0,27.0,0.0,,0.8370049662549344,0.0,0.974909153832843,27.0,0.8554324013621674,0.9995084319657733,,,0.001
,0.4933157597439277,0.32741814546363407,0.0,0.0,0.0,0.9313014460511679,0.11311750290210242,0.8868824970978976,28.0,28.0,0.0,,0.8714351138681877,1.0,0.9398109691758525,27.0,0.922944639195714,0.9989802528105807,,,0.0,,0.0,0.0,0.0,0.0,0.0,0.0,0.0,0.0,0.0,0.0,0.0,,0.0,0.0,0.0,0.0,0.0,0.0,,,15369.png,0.0015,,0.4933157597439277,0.32741814546363407,0.0,0.0,0.0,0.9313014460511679,0.11311750290210242,0.8868824970978976,28.0,28.0,0.0,,0.8714351138681877,1.0,0.9398109691758525,27.0,0.922944639195714,0.9989802528105807,,,0.001
,0.35788797945755096,0.2179437060203284,1.0,-1.0,1.0,0.9018459986963634,0.05983830027263326,0.9401616997273667,27.0,26.0,0.0,,0.8212381848317878,1.0,0.966445252780853,25.0,0.8453415719456805,0.9992549573429426,,,0.0,,0.0,0.0,0.0,0.0,0.0,0.0,0.0,0.0,0.0,0.0,0.0,,0.0,0.0,0.0,0.0,0.0,0.0,,,15446.png,0.0015,,0.35788797945755096,0.2179437060203284,1.0,-1.0,1.0,0.9018459986963634,0.05983830027263326,0.9401616997273667,27.0,26.0,0.0,,0.8212381848317878,1.0,0.966445252780853,25.0,0.8453415719456805,0.9992549573429426,,,0.001
,0.25058339052848316,0.14323825964141396,1.0,-1.0,1.0,0.8760854599693233,0.3824586865455025,0.6175413134544975,27.0,27.0,0.0,,0.779494729150324,1.0,0.8304312486405422,26.0,0.9270515163520646,0.9971319879958633,,,0.0,,0.0,0.0,0.0,0.0,0.0,0.0,0.0,0.0,0.0,0.0,0.0,,0.0,0.0,0.0,0.0,0.0,0.0,,,1560.png,0.0015,,0.25058339052848316,0.14323825964141396,1.0,-1.0,1.0,0.8760854599693233,0.3824586865455025,0.6175413134544975,27.0,27.0,0.0,,0.779494729150324,1.0,0.8304312486405422,26.0,0.9270515163520646,0.9971319879958633,,,0.001
,0.22975102426725497,0.12978458251735803,2.0,-2.0,1.0,0.8976236455315953,0.3229448823690538,0.6770551176309463,27.0,27.0,0.0,,0.8142624267049463,1.0,0.8847773978638654,23.0,0.9108484232681351,0.9974525442604605,,,0.0,,0.0,0.0,0.0,0.0,0.0,0.0,0.0,0.0,0.0,0.0,0.0,,0.0,0.0,0.0,0.0,0.0,0.0,,,1572.png,0.0015,,0.22975102426725497,0.12978458251735803,2.0,-2.0,1.0,0.8976236455315953,0.3229448823690538,0.6770551176309463,27.0,27.0,0.0,,0.8142624267049463,1.0,0.8847773978638654,23.0,0.9108484232681351,0.9974525442604605,,,0.001
,0.1962603992202301,0.10880750144609858,3.0,-3.0,1.0,0.8883331926507414,0.3855643384735001,0.6144356615264999,27.0,27.0,0.0,,0.7991002220970773,1.0,0.8636798840119818,22.0,0.9144352888361114,0.9960951626091593,,,0.0,,0.0,0.0,0.0,0.0,0.0,0.0,0.0,0.0,0.0,0.0,0.0,,0.0,0.0,0.0,0.0,0.0,0.0,,,1585.png,0.0015,,0.1962603992202301,0.10880750144609858,3.0,-3.0,1.0,0.8883331926507414,0.3855643384735001,0.6144356615264999,27.0,27.0,0.0,,0.7991002220970773,1.0,0.8636798840119818,22.0,0.9144352888361114,0.9960951626091593,,,0.001
,0.5301007899754835,0.36063750926612304,1.0,-1.0,1.0,0.9199832191301915,0.18038928251486278,0.8196107174851373,21.0,21.0,0.0,,0.851823078516677,1.0,0.8809791633188708,20.0,0.9626009598501697,0.9992779924159959,,,0.0,,0.0,0.0,0.0,0.0,0.0,0.0,0.0,0.0,0.0,0.0,0.0,,0.0,0.0,0.0,0.0,0.0,0.0,,,1590.png,0.0015,,0.5301007899754835,0.36063750926612304,1.0,-1.0,1.0,0.9199832191301915,0.18038928251486278,0.8196107174851373,21.0,21.0,0.0,,0.851823078516677,1.0,0.8809791633188708,20.0,0.9626009598501697,0.9992779924159959,,,0.001
