anchor_boundary_f1,anchor_boundary_iou,anchor_component_count_mae,anchor_component_delta_mean,anchor_dice,anchor_gap_region_fp_rate,anchor_iou,anchor_precision,anchor_recall,cut_pixels,delta_boundary_f1,delta_boundary_iou,delta_component_count_mae,delta_component_delta_mean,delta_dice,delta_gap_region_fp_rate,delta_iou,delta_precision,delta_recall,edited,image,num_accepted_cuts,r238_boundary_f1,r238_boundary_iou,r238_component_count_mae,r238_component_delta_mean,r238_dice,r238_gap_region_fp_rate,r238_iou,r238_precision,r238_recall
0.4363768379016155,0.2790805665196192,1.0,-1.0,0.9025088273555101,0.13884777722962233,0.822338119750745,0.9048630519843488,0.9001668211306766,10.0,0.0024707794203631117,0.002024354557446706,0.0,0.0,0.00016775257014045586,-0.0005481554568875779,0.00027858869833696787,0.00033732080223092265,0.0,1.0,10375.png,1.0,0.43884761732197863,0.2811049210770659,1.0,-1.0,0.9026765799256505,0.13829962177273475,0.822616708449082,0.9052003727865797,0.9001668211306766
0.4067627425291659,0.2553058187798575,0.0,0.0,0.8978390408500251,0.19581738503356078,0.8146169880145909,0.8750043729228616,0.9218974604695735,0.0,0.0,0.0,0.0,0.0,0.0,0.0,0.0,0.0,0.0,0.0,10520.png,0.0,0.4067627425291659,0.2553058187798575,0.0,0.0,0.8978390408500251,0.19581738503356078,0.8146169880145909,0.8750043729228616,0.9218974604695735
0.3221402721150763,0.191994757822312,1.0,1.0,0.8875239843163427,0.1942885855455992,0.7977915674621773,0.8967820791098561,0.8784550915508949,0.0,0.0,0.0,0.0,0.0,0.0,0.0,0.0,0.0,0.0,0.0,10618.png,0.0,0.3221402721150763,0.191994757822312,1.0,1.0,0.8875239843163427,0.1942885855455992,0.7977915674621773,0.8967820791098561,0.8784550915508949
0.2542683228584154,0.14565143440299352,3.0,-3.0,0.8543689320388349,0.3637540453074434,0.7457627118644068,0.8009068515248621,0.915478919565434,23.0,0.003264029211129227,0.0021460597860194497,0.0,0.0,0.00022854185104903557,-0.0010633379565418433,0.00034833155381341907,0.00040176352421095185,0.0,1.0,10624.png,1.0,0.2575323520695446,0.14779749418901297,3.0,-3.0,0.8545974738898839,0.36269070735090153,0.7461110434182202,0.801308615049073,0.915478919565434
0.4076344385622736,0.25599300087489063,1.0,1.0,0.8741845467526529,0.1957871878393051,0.7764900936748735,0.8566516068848201,0.8924501695948779,3.0,0.0008299913416662807,0.0006550047234298861,0.0,0.0,2.4476449333232786e-05,-0.00013029315960910726,3.862366164320008e-05,4.701022207975747e-05,0.0,1.0,11852.png,1.0,0.4084644299039399,0.2566480055983205,1.0,1.0,0.8742090232019861,0.195656894679696,0.7765287173365167,0.8566986171068999,0.8924501695948779
0.474025974025974,0.31063829787234043,1.0,-1.0,0.9386339329588484,0.1479247206763244,0.8843639928828207,0.9331583585577992,0.9441741456512047,39.0,0.0030424328557856484,0.002618324445770537,0.0,0.0,0.00035284268983870604,-0.001656824843876109,0.0006266501157802251,0.0006977353090310556,0.0,1.0,11945.png,1.0,0.47706840688175967,0.31325662231811097,1.0,-1.0,0.9389867756486872,0.14626789583244829,0.884990642998601,0.9338560938668302,0.9441741456512047
0.4627277747101049,0.3010057471264368,0.0,0.0,0.9495969934624726,0.11915764224487636,0.9040311076342552,0.9587379825289152,0.9406286658207847,40.0,0.0025765475480544753,0.00218421359777049,0.0,0.0,0.00022955700711024818,-0.001410984514444949,0.00041620142149734196,0.0004681109235529224,0.0,1.0,12498.png,1.0,0.4653043222581594,0.3031899607242073,0.0,0.0,0.9498265504695829,0.11774665773043141,0.9044473090557525,0.9592060934524681,0.9406286658207847
0.49643203744933495,0.3301693370795049,1.0,1.0,0.9165367550065955,0.12797357964807266,0.8459324847814056,0.92432350718065,0.9088801022683355,4.0,0.00048577076984313017,0.0004298882565625384,0.0,0.0,5.495813125899751e-05,-0.00020640899943236146,9.363875191292781e-05,0.00011179867644528496,0.0,1.0,12627.png,1.0,0.4969178082191781,0.33059922533606745,1.0,1.0,0.9165917131378545,0.1277671706486403,0.8460261235333185,0.9244353058570953,0.9088801022683355
0.3760599262329366,0.23157253910274422,2.0,2.0,0.925741399762752,0.2176649226153452,0.8617491166077739,0.9180576432912881,0.9335548614341729,5.0,0.0003891976410228537,0.00029523258803632046,0.0,0.0,3.050520314240579e-05,-0.00018294244630637224,5.2868692659302496e-05,6.0003767535343755e-05,0.0,1.0,12827.png,1.0,0.37644912387395946,0.23186777169078054,2.0,2.0,0.9257719049658945,0.21748198016903883,0.8618019853004332,0.9181176470588235,0.9335548614341729
0.530457359696425,0.36096765425387334,0.0,0.0,0.9050989056512583,0.06088421052631579,0.8266490099634254,0.9477299016772701,0.8661380905186653,0.0,0.0,0.0,0.0,0.0,0.0,0.0,0.0,0.0,0.0,0.0,13220.png,0.0,0.530457359696425,0.36096765425387334,0.0,0.0,0.9050989056512583,0.06088421052631579,0.8266490099634254,0.9477299016772701,0.8661380905186653
0.3631018008085263,0.22182308037718904,0.0,0.0,0.9164516103259003,0.16284825077805692,0.8457874323467386,0.9284615758203688,0.9047483830257138,11.0,0.0004380799980701622,0.0003270817580067753,0.0,0.0,8.055108041216119e-05,-0.00041246390940793964,0.00013722619776124212,0.000165367184812526,0.0,1.0,13436.png,1.0,0.36353988080659644,0.2221501621351958,0.0,0.0,0.9165321614063124,0.16243578686864898,0.8459246585444998,0.9286269430051813,0.9047483830257138
0.4851149159339812,0.320232155584971,0.0,0.0,0.9162424157891066,0.06518714806227227,0.8454311454311454,0.9513855363522256,0.8836031027216069,0.0,0.0,0.0,0.0,0.0,0.0,0.0,0.0,0.0,0.0,0.0,13441.png,0.0,0.4851149159339812,0.320232155584971,0.0,0.0,0.9162424157891066,0.06518714806227227,0.8454311454311454,0.9513855363522256,0.8836031027216069
0.44652070840886904,0.2874326750448833,0.0,0.0,0.9069467331096508,0.1109672646569262,0.8297369950595757,0.9264246603123099,0.8882709807886754,0.0,0.0,0.0,0.0,0.0,0.0,0.0,0.0,0.0,0.0,0.0,13454.png,0.0,0.44652070840886904,0.2874326750448833,0.0,0.0,0.9069467331096508,0.1109672646569262,0.8297369950595757,0.9264246603123099,0.8882709807886754
0.456278079924332,0.2955701243796336,1.0,-1.0,0.9247154768425537,0.1056701030927835,0.8599728322390763,0.9487355604121136,0.9018816406481867,14.0,0.0028280600539586365,0.002377808239049428,0.0,0.0,0.0001313356396926979,-0.0006013745704467333,0.0002272055038941012,0.0002765359423241298,0.0,1.0,13480.png,1.0,0.45910613997829064,0.297947932618683,1.0,-1.0,0.9248468124822464,0.10506872852233677,0.8602000377429704,0.9490120963544377,0.9018816406481867
0.26297229219143575,0.1513921113689095,0.0,0.0,0.7886899151743638,0.38031537916371366,0.6511048863990041,0.6906113825432457,0.9192371913173389,0.0,0.0,0.0,0.0,0.0,0.0,0.0,0.0,0.0,0.0,0.0,13517.png,0.0,0.26297229219143575,0.1513921113689095,0.0,0.0,0.7886899151743638,0.38031537916371366,0.6511048863990041,0.6906113825432457,0.9192371913173389
0.2647373180958645,0.1525632521557851,1.0,-1.0,0.873584856780166,0.3180457476205097,0.7755443115608709,0.8442267249724605,0.9050584214575841,0.0,0.0,0.0,0.0,0.0,0.0,0.0,0.0,0.0,0.0,0.0,13840.png,0.0,0.2647373180958645,0.1525632521557851,1.0,-1.0,0.873584856780166,0.3180457476205097,0.7755443115608709,0.8442267249724605,0.9050584214575841
0.27669350802966197,0.1605596620908131,4.0,-4.0,0.8648620047409414,0.2727621156630611,0.7619003225626014,0.8488719930200673,0.8814659821390052,16.0,0.0005792192430653098,0.00039020598306552245,-1.0,1.0,0.0001464626595666374,-0.0006813729665275381,0.00022736082139995784,0.00028223997108012266,0.0,1.0,13867.png,1.0,0.2772727272727273,0.16094986807387862,3.0,-3.0,0.8650084674005081,0.27208074269653354,0.7621276833840014,0.8491542329911475,0.8814659821390052
0.22177136168552478,0.12471476215552045,4.0,4.0,0.8097185683019035,0.07493558047217773,0.6802748885586924,0.8854131412270947,0.7459470468431771,4.0,0.0008669096304905199,0.0005485805411087757,0.0,0.0,7.16105656373145e-05,-0.000278570931123337,0.00010109598581642398,0.00017126807703027325,0.0,1.0,1399.png,1.0,0.2226382713160153,0.12526334269662923,4.0,4.0,0.8097901788675408,0.07465700954105439,0.6803759845445089,0.885584409304125,0.7459470468431771
0.4545976069496804,0.29416131940393486,3.0,-3.0,0.9403342687778893,0.210977095037913,0.8873876365647905,0.9201020949540429,0.9614762204441248,55.0,0.003266185309016345,0.0027409840114742123,0.0,0.0,0.0003791058977495876,-0.0021608454799041388,0.0006754732545991571,0.000726215705505906,0.0,1.0,14041.png,1.0,0.4578637922586967,0.2969023034154091,3.0,-3.0,0.9407133746756389,0.20881624955800887,0.8880631098193896,0.9208283106595488,0.9614762204441248
0.16310257339615802,0.08879242304656669,1.0,-1.0,0.6380715782936107,0.05993229023698417,0.4685059567918828,0.9059744268077602,0.49245056920311564,28.0,0.0018384331051663205,0.0010907943789680158,0.0,0.0,0.000694256788381975,-0.0025619910330313828,0.0007489675586738742,0.0028048743864016457,0.0,1.0,1418.png,1.0,0.16494100650132434,0.0898832174255347,1.0,-1.0,0.6387658350819927,0.057370299203952785,0.46925492435055666,0.9087793011941618,0.49245056920311564
0.2926949806949807,0.17143684191482433,2.0,-2.0,0.921664816297023,0.3112669471715755,0.8547108823177302,0.9064293331979076,0.9374212184873949,58.0,0.0015839558095326889,0.0010878122050326233,0.0,0.0,0.0002300909031422993,-0.0018076983013869397,0.0003958353455801866,0.00044520104773970726,0.0,1.0,1452.png,1.0,0.29427893650451337,0.17252465411985696,2.0,-2.0,0.9218949072001653,0.30945924887018855,0.8551067176633104,0.9068745342456473,0.9374212184873949
0.4406073474620408,0.28255061144794985,1.0,-1.0,0.9396147686702027,0.19084602624038607,0.88610699291979,0.9265328001854427,0.953071443474114,5.0,0.00044541061992053876,0.0003664406642919227,0.0,0.0,3.4513953345527426e-05,-0.00018850852058513445,6.13919599350421e-05,6.712157523192097e-05,0.0,1.0,15040.png,1.0,0.4410527580819613,0.2829170521122418,1.0,-1.0,0.9396492826235482,0.19065751771980094,0.886168384879725,0.9265999217606746,0.953071443474114
0.44864,0.2891914191419142,2.0,-2.0,0.937545553578846,0.19222218035196142,0.8824336485549474,0.9203286558345642,0.9554188962542928,5.0,0.0005061024677038839,0.00042071207327043503,0.0,0.0,3.6739981878808337e-05,-0.0001884161736443457,6.509735080373336e-05,7.080867372200039e-05,0.0,1.0,15067.png,1.0,0.44914610246770387,0.28961213121518464,2.0,-2.0,0.9375822935607248,0.19203376417831708,0.8824987459057512,0.9203994645082862,0.9554188962542928
0.31607629427792916,0.18770226537216828,2.0,2.0,0.8303954969634129,0.23969072164948454,0.7099797365754813,0.743895966029724,0.9396580623533356,0.0,0.0,0.0,0.0,0.0,0.0,0.0,0.0,0.0,0.0,0.0,1518.png,0.0,0.31607629427792916,0.18770226537216828,2.0,2.0,0.8303954969634129,0.23969072164948454,0.7099797365754813,0.743895966029724,0.9396580623533356
0.35948827292110874,0.21913179100597868,2.0,2.0,0.803672544895648,0.09724170172978028,0.6717830820204206,0.8120810854994278,0.7954363490792634,0.0,0.0,0.0,0.0,0.0,0.0,0.0,0.0,0.0,0.0,0.0,1522.png,0.0,0.35948827292110874,0.21913179100597868,2.0,2.0,0.803672544895648,0.09724170172978028,0.6717830820204206,0.8120810854994278,0.7954363490792634
0.38818398096748613,0.24083640836408365,0.0,0.0,0.9112713156800222,0.045071928027435086,0.8370049662549344,0.974909153832843,0.8554324013621674,0.0,0.0,0.0,0.0,0.0,0.0,0.0,0.0,0.0,0.0,0.0,15274.png,0.0,0.38818398096748613,0.24083640836408365,0.0,0.0,0.9112713156800222,0.045071928027435086,0.8370049662549344,0.974909153832843,0.8554324013621674
0.4933157597439277,0.32741814546363407,0.0,0.0,0.9313014460511679,0.11311750290210242,0.8714351138681877,0.9398109691758525,0.922944639195714,10.0,0.0008992717676892248,0.0007927490890895506,0.0,0.0,0.0001036045662533569,-0.0004299410980695695,0.00018144314022405794,0.00021103697688817924,0.0,1.0,15369.png,1.0,0.49421503151161694,0.3282108945527236,0.0,0.0,0.9314050506174213,0.11268756180403285,0.8716165570084118,0.9400220061527407,0.922944639195714
0.35788797945755096,0.2179437060203284,1.0,-1.0,0.9018459986963634,0.05983830027263326,0.8212381848317878,0.966445252780853,0.8453415719456805,5.0,0.000721646210898208,0.0005354755786811938,0.0,0.0,5.545999057232631e-05,-0.0002350286734981652,9.198250317332679e-05,0.00012738845501025775,0.0,1.0,15446.png,1.0,0.3586096256684492,0.2184791815990096,1.0,-1.0,0.9019014586869357,0.059603271599135095,0.8213301673349611,0.9665726412358633,0.8453415719456805
0.25058339052848316,0.14323825964141396,1.0,-1.0,0.8760854599693233,0.3824586865455025,0.779494729150324,0.8304312486405422,0.9270515163520646,0.0,0.0,0.0,0.0,0.0,0.0,0.0,0.0,0.0,0.0,0.0,1560.png,0.0,0.25058339052848316,0.14323825964141396,1.0,-1.0,0.8760854599693233,0.3824586865455025,0.779494729150324,0.8304312486405422,0.9270515163520646
0.22975102426725497,0.12978458251735803,2.0,-2.0,0.8976236455315953,0.3229448823690538,0.8142624267049463,0.8847773978638654,0.9108484232681351,26.0,0.0033747227290336357,0.0021578840163930524,0.0,0.0,0.00010433844537149906,-0.0007913077882947261,0.00017173376294310483,0.0002027696107930188,0.0,1.0,1572.png,1.0,0.2331257469962886,0.13194246653375108,2.0,-2.0,0.8977279839769668,0.32215357458075905,0.8144341604678894,0.8849801674746585,0.9108484232681351
0.1962603992202301,0.10880750144609858,3.0,-3.0,0.8883331926507414,0.3855643384735001,0.7991002220970773,0.8636798840119818,0.9144352888361114,38.0,0.0017322514680823131,0.0010658854543153518,0.0,0.0,0.00011874023469249373,-0.0009848386678761312,0.0001921874446344507,0.00022451044979243662,0.0,1.0,1585.png,1.0,0.1979926506883124,0.10987338690041393,3.0,-3.0,0.8884519328854339,0.38457949980562395,0.7992924095417118,0.8639043944617742,0.9144352888361114
0.5301007899754835,0.36063750926612304,1.0,-1.0,0.9199832191301915,0.18038928251486278,0.851823078516677,0.8809791633188708,0.9626009598501697,2.0,0.0,0.0,0.0,0.0,5.1463274082230726e-05,-0.00016287971333170392,8.824438811938506e-05,9.438893912461221e-05,0.0,1.0,1590.png,1.0,0.5301007899754835,0.36063750926612304,1.0,-1.0,0.9200346824042738,0.18022640280153107,0.8519113229047964,0.8810735522579954,0.9626009598501697
0.4165490993799009,0.2630641084082715,2.0,-2.0,0.9322967245782929,0.19494562338350316,0.8731796052700757,0.926983914358751,0.9376707843092974,75.0,0.004403717544534225,0.003522489786046412,0.0,0.0,0.0003926672339157333,-0.002337103860895584,0.0006891492022903511,0.0007767327342462771,0.0,1.0,1620.png,1.0,0.42095281692443515,0.2665865981943179,2.0,-2.0,0.9326893918122087,0.19260851952260757,0.873868754472366,0.9277606470929973,0.9376707843092974
0.2388905457798986,0.13564775613886537,5.0,-5.0,0.9149379681143169,0.2724452470250498,0.843212591748589,0.9063617927860187,0.923677992766622,11.0,2.2084194851723637e-06,1.4240964818779123e-06,0.0,0.0,2.893758273359026e-05,-0.00025466499976850576,4.915805531591211e-05,5.679702695515765e-05,0.0,1.0,1660.png,1.0,0.23889275419938377,0.13564918023534725,5.0,-5.0,0.9149669056970505,0.2721905820252813,0.8432617498039049,0.9064185898129739,0.923677992766622
0.23363598206198777,0.1322694414567648,5.0,-5.0,0.9256587547148221,0.29841777624070553,0.8616058992216304,0.9261601331654087,0.9251579188147732,0.0,0.0,0.0,0.0,0.0,0.0,0.0,0.0,0.0,0.0,0.0,1666.png,0.0,0.23363598206198777,0.1322694414567648,5.0,-5.0,0.9256587547148221,0.29841777624070553,0.8616058992216304,0.9261601331654087,0.9251579188147732
0.27455435635261977,0.15912083777513011,1.0,-1.0,0.9264087978018595,0.18890102460082175,0.8629064730644866,0.9434298292422625,0.9099910570099531,137.0,0.004590546991303568,0.003092066661943532,0.0,0.0,0.00041583556773283625,-0.003562698288864602,0.0007218417370984387,0.0008629142600041773,0.0,1.0,1674.png,1.0,0.27914490334392333,0.16221290443707365,1.0,-1.0,0.9268246333695923,0.18533832631195715,0.8636283148015851,0.9442927435022667,0.9099910570099531
0.3049729665498188,0.17992218444389918,4.0,-4.0,0.9193203874890321,0.17895815447672325,0.8506872683134862,0.9360031763792885,0.9032218739115291,0.0,0.0,0.0,0.0,0.0,0.0,0.0,0.0,0.0,0.0,0.0,1678.png,0.0,0.3049729665498188,0.17992218444389918,4.0,-4.0,0.9193203874890321,0.17895815447672325,0.8506872683134862,0.9360031763792885,0.9032218739115291
0.22288934534154947,0.1254223223282556,4.0,-4.0,0.903463445404243,0.2719449649866851,0.8239246029853593,0.9076968542720169,0.8992693416267071,32.0,0.0016251538953327982,0.0010301320231790867,0.0,0.0,9.449991093835042e-05,-0.000789032448959448,0.00015720001964902863,0.00019079532926535858,0.0,1.0,1694.png,1.0,0.22451449923688227,0.12645245435143468,4.0,-4.0,0.9035579453151813,0.27115593253772563,0.8240818030050083,0.9078876496012822,0.8992693416267071
0.21280542592968318,0.11907233214401557,2.0,-2.0,0.9040244280075417,0.19723747892761978,0.8248581912861853,0.9315077345611696,0.8781163856779519,4.0,0.0008160578908214533,0.0005112174148842741,0.0,0.0,1.417449409479854e-05,-0.0001087606721409673,2.3601599212774715e-05,3.009936859910134e-05,0.0,1.0,1736.png,1.0,0.21362148382050464,0.11958354955889984,2.0,-2.0,0.9040386025016365,0.1971287182554788,0.8248817928853981,0.9315378339297687,0.8781163856779519
0.1911836524868269,0.10569544705280509,2.0,-2.0,0.9004612665430874,0.3186103351955307,0.8189445620638282,0.9027022904644483,0.8982313420754412,24.0,-7.630872478636697e-05,-4.6644121902819635e-05,-1.0,1.0,5.480522512402164e-05,-0.0005985634477254642,9.066768840571005e-05,0.00011016345371550607,0.0,1.0,1742.png,1.0,0.19110734376204053,0.10564880293090227,1.0,-1.0,0.9005160717682115,0.31801177174780526,0.8190352297522339,0.9028124539181638,0.8982313420754412
0.341471266834791,0.20588806211582011,0.0,0.0,0.9456680912997963,0.18297351908965223,0.8969358543512452,0.9573374717696647,0.9342797706392282,0.0,0.0,0.0,0.0,0.0,0.0,0.0,0.0,0.0,0.0,0.0,1807.png,0.0,0.341471266834791,0.20588806211582011,0.0,0.0,0.9456680912997963,0.18297351908965223,0.8969358543512452,0.9573374717696647,0.9342797706392282
0.2584201821857034,0.14838262337584035,0.0,0.0,0.9326549486223343,0.317086906437988,0.87380828478899,0.9196590467986451,0.9460234110053605,11.0,0.0005299490478923863,0.00034955017015417256,0.0,0.0,2.7662535214134643e-05,-0.00028158197875338686,4.856501749550546e-05,5.379553052264896e-05,0.0,1.0,1812.png,1.0,0.2589501312335958,0.14873217354599452,0.0,0.0,0.9326826111575485,0.3168053244592346,0.8738568498064855,0.9197128423291677,0.9460234110053605
0.23781545861365644,0.13495491137753515,0.0,0.0,0.9168433668295382,0.35635083602229395,0.8464550174482934,0.9132590814278405,0.9204558977139004,0.0,0.0,0.0,0.0,0.0,0.0,0.0,0.0,0.0,0.0,0.0,1827.png,0.0,0.23781545861365644,0.13495491137753515,0.0,0.0,0.9168433668295382,0.35635083602229395,0.8464550174482934,0.9132590814278405,0.9204558977139004
0.3189582177581827,0.1897384235939834,3.0,3.0,0.9234991761587507,0.23163952835485682,0.8578713138959364,0.9238466362089044,0.9231519773707861,4.0,0.0003435104062264327,0.00024316531767809568,0.0,0.0,1.653979002702588e-05,-0.0001122964626614209,2.8545517927525133e-05,3.3105070009087356e-05,0.0,1.0,1828.png,1.0,0.31930172816440916,0.1899815889116615,3.0,3.0,0.9235157159487777,0.2315272318921954,0.8578998594138639,0.9238797412789135,0.9231519773707861
0.3021677352685596,0.1779726664084546,0.0,0.0,0.9354862083392742,0.19487024883467452,0.8787920040752516,0.9561338964910939,0.9157114421030956,3.0,0.0003844471173904962,0.0002667935893322648,0.0,0.0,6.5597824943086636e-06,-6.95716704157967e-05,1.1577626276237929e-05,1.3705196492352911e-05,0.0,1.0,1846.png,1.0,0.3025521823859501,0.17823945999778687,0.0,0.0,0.9354927681217685,0.19480067716425872,0.8788035817015278,0.9561476016875863,0.9157114421030956
0.22376409366869038,0.1259765625,3.0,3.0,0.9055819779816887,0.2541607405743943,0.8274552865198861,0.9312506218286738,0.8812904184940162,0.0,0.0,0.0,0.0,0.0,0.0,0.0,0.0,0.0,0.0,0.0,1855.png,0.0,0.22376409366869038,0.1259765625,3.0,3.0,0.9055819779816887,0.2541607405743943,0.8274552865198861,0.9312506218286738,0.8812904184940162
0.3314314695067833,0.1986322188449848,2.0,-2.0,0.9121444149063181,0.1559633027522936,0.8384793233632825,0.9319952505652153,0.8931215611702542,39.0,0.0029140095755378903,0.002096968920864889,0.0,0.0,0.0002832318106142928,-0.0015096968993148496,0.00047878729719574853,0.0005915792905837325,0.0,1.0,1880.png,1.0,0.3343454790823212,0.2007291877658497,2.0,-2.0,0.9124276467169324,0.15445360585297874,0.8389581106604782,0.932586829855799,0.8931215611702542
0.2568159948679568,0.14732580961727185,6.0,-6.0,0.7649913344887348,0.11858308012154166,0.6194218355318551,0.8792128117281491,0.6770354009448433,0.0,0.0,0.0,0.0,0.0,0.0,0.0,0.0,0.0,0.0,0.0,1884.png,0.0,0.2568159948679568,0.14732580961727185,6.0,-6.0,0.7649913344887348,0.11858308012154166,0.6194218355318551,0.8792128117281491,0.6770354009448433
0.2104460365149064,0.11759692124906372,4.0,4.0,0.9032246324064638,0.2618191871716892,0.8235274597643936,0.9315472140762463,0.876573462080171,11.0,0.000649164187204565,0.00040555757762497646,0.0,0.0,2.26009052592957e-05,-0.0002534328633305716,3.757763153866556e-05,4.808233787945149e-05,0.0,1.0,1886.png,1.0,0.21109520070211096,0.1180024788266887,4.0,4.0,0.9032472333117231,0.26156575430835866,0.8235650373959322,0.9315952964141258,0.876573462080171
0.23907398198795513,0.13576605691694643,1.0,1.0,0.9155442446854182,0.30255121344792174,0.8442430594319955,0.9130541917440291,0.9180479163569695,57.0,0.002429835437143424,0.001569366280545742,0.0,0.0,0.00016120628794791259,-0.0015404572725798427,0.00027419078879586944,0.00032071736032524,0.0,1.0,1901.png,1.0,0.24150381742509855,0.13733542319749217,1.0,1.0,0.9157054509733661,0.3010107561753419,0.8445172502207914,0.9133749091043544,0.9180479163569695
0.2328752530094812,0.13178201109235593,2.0,2.0,0.9172126168287946,0.3141119154441111,0.8470846918649116,0.9167006986076852,0.9177251071159905,58.0,0.0035855451188255005,0.0023010860553254187,0.0,0.0,0.00014493918023983365,-0.001596432798436631,0.00024727918488554046,0.0002896005867285556,0.0,1.0,1931.png,1.0,0.2364607981283067,0.13408309714768135,2.0,2.0,0.9173575560090345,0.31251548264567447,0.8473319710497972,0.9169902991944138,0.9177251071159905
0.29161933785842914,0.17069927348209651,0.0,0.0,0.9247887247520992,0.29880467264330346,0.8600995414030418,0.9105899009596826,0.9394373669379009,6.0,0.0005123817527266095,0.00035122436112342004,0.0,0.0,1.881755468013946e-05,-0.00016299918500406463,3.255465994045359e-05,3.6489033037656604e-05,0.0,1.0,1934.png,1.0,0.29213171961115575,0.17105049784321993,0.0,0.0,0.9248075423067793,0.2986416734582994,0.8601320960629822,0.9106263899927203,0.9394373669379009
0.4363927305977826,0.279093567251462,1.0,-1.0,0.9100414962623403,0.21968794018853613,0.8349322411281234,0.8807121317559731,0.9413916008058267,2.0,-0.00012466226663937485,-0.00010197061280653452,0.0,0.0,2.726675244602017e-05,-0.00010835410120271782,4.590440339380386e-05,5.10765024506199e-05,0.0,1.0,2024.png,1.0,0.43626806833114323,0.27899159663865547,1.0,-1.0,0.9100687630147863,0.2195795860873334,0.8349781455315172,0.8807632082584237,0.9413916008058267
0.35925601144597774,0.2189592123769339,0.0,0.0,0.9140226005941856,0.22216645373243293,0.8416589526580269,0.9078055912138069,0.9203253502033438,19.0,0.0014390155162751217,0.0010700273891479928,0.0,0.0,0.00015590094090600637,-0.0008669465230881634,0.000264423170800554,0.0003076264287407149,0.0,1.0,2044.png,1.0,0.36069502696225286,0.22002923976608188,0.0,0.0,0.9141785015350916,0.22129950720934477,0.8419233758288275,0.9081132176425476,0.9203253502033438
0.17166637766603088,0.09389226100151746,17.0,17.0,0.6626104300349548,0.32325141776937616,0.4954505739507698,0.5125451938661015,0.9369284676523374,0.0,0.0,0.0,0.0,0.0,0.0,0.0,0.0,0.0,0.0,0.0,2246.png,0.0,0.17166637766603088,0.09389226100151746,17.0,17.0,0.6626104300349548,0.32325141776937616,0.4954505739507698,0.5125451938661015,0.9369284676523374
0.3851315927440495,0.2384910070774625,3.0,-3.0,0.9038387236073547,0.2981273793600165,0.8245490358697906,0.8570689655172414,0.9560075003605942,19.0,0.001586748096004953,0.0012181216071238954,0.0,0.0,0.00019519357742803223,-0.0009774668175738244,0.00032495554295752793,0.00035109873320593454,0.0,1.0,2248.png,1.0,0.38671834084005446,0.2397091286845864,3.0,-3.0,0.9040339171847828,0.29714991254244266,0.8248739914127481,0.8574200642504474,0.9560075003605942
0.4239957994224206,0.269032150591371,3.0,-3.0,0.7929979189619293,0.10938924339106655,0.6569979716024341,0.8541666666666666,0.7400045693397304,0.0,0.0,0.0,0.0,0.0,0.0,0.0,0.0,0.0,0.0,0.0,2709.png,0.0,0.4239957994224206,0.269032150591371,3.0,-3.0,0.7929979189619293,0.10938924339106655,0.6569979716024341,0.8541666666666666,0.7400045693397304
0.42133274198913406,0.2668914173338952,0.0,0.0,0.863964512481517,0.05613173216885007,0.7605083837378455,0.9415165876777252,0.7982160077145612,0.0,0.0,0.0,0.0,0.0,0.0,0.0,0.0,0.0,0.0,0.0,2853.png,0.0,0.42133274198913406,0.2668914173338952,0.0,0.0,0.863964512481517,0.05613173216885007,0.7605083837378455,0.9415165876777252,0.7982160077145612
0.3592010609653177,0.21891838934064858,2.0,2.0,0.9265241541827975,0.20216319389215842,0.8631066621508047,0.9270297216458732,0.9260191378544608,0.0,0.0,0.0,0.0,0.0,0.0,0.0,0.0,0.0,0.0,0.0,3058.png,0.0,0.3592010609653177,0.21891838934064858,2.0,2.0,0.9265241541827975,0.20216319389215842,0.8631066621508047,0.9270297216458732,0.9260191378544608
0.2629297721548644,0.15136392757190545,1.0,1.0,0.9196481734110146,0.11997531487559258,0.8512487791265523,0.9636778631621347,0.8794660554558494,56.0,0.0009842616009027028,0.0006527575964599963,0.0,0.0,0.00019411952307568647,-0.0015708715531992518,0.00033269542748026737,0.0004264027649676372,0.0,1.0,3249.png,1.0,0.2639140337557671,0.15201668516836545,1.0,1.0,0.9198422929340903,0.11840444332239333,0.8515814745540325,0.9641042659271023,0.8794660554558494
0.48129193676788357,0.3169087913733713,2.0,-2.0,0.9189728096676737,0.11349642203361625,0.8500922251411324,0.9364859456297527,0.9021026720839883,21.0,0.002421603125431604,0.0021031846745329097,-1.0,1.0,0.00029160955896923024,-0.0011649192877350723,0.0004992012731177553,0.0006058596690765583,0.0,1.0,3269.png,1.0,0.48371353989331517,0.3190119760479042,1.0,-1.0,0.9192644192266429,0.11233150274588118,0.8505914264142501,0.9370918052988293,0.9021026720839883
0.6079173838209982,0.43669634025717113,1.0,1.0,0.9300384338217631,0.052854279563506794,0.8692260200931694,0.9528702393404295,0.9082751744765702,0.0,0.0,0.0,0.0,0.0,0.0,0.0,0.0,0.0,0.0,0.0,3352.png,0.0,0.6079173838209982,0.43669634025717113,1.0,1.0,0.9300384338217631,0.052854279563506794,0.8692260200931694,0.9528702393404295,0.9082751744765702
0.5244032775204845,0.3553838725253501,0.0,0.0,0.9258838861563039,0.04812433680793958,0.8619960861056751,0.9661767931563939,0.8888171435489729,0.0,0.0,0.0,0.0,0.0,0.0,0.0,0.0,0.0,0.0,0.0,3353.png,0.0,0.5244032775204845,0.3553838725253501,0.0,0.0,0.9258838861563039,0.04812433680793958,0.8619960861056751,0.9661767931563939,0.8888171435489729
0.48741455142811724,0.3222393497757848,2.0,-2.0,0.9282843347910715,0.1255415517920441,0.8661666194924049,0.9326459084675166,0.9239633655394525,19.0,0.0017164582508376602,0.0015021611112837618,0.0,0.0,0.00022297882856969764,-0.0009354076408034512,0.00038835136442783025,0.00045026736782838306,0.0,1.0,3354.png,1.0,0.4891310096789549,0.32374151088706854,2.0,-2.0,0.9285073136196412,0.12460614415124065,0.8665549708568328,0.933096175835345,0.9239633655394525
0.447128598293071,0.287936655798789,0.0,0.0,0.8973955287661374,0.0465778237805667,0.8138870757180157,0.9650735294117647,0.8385876418663304,0.0,0.0,0.0,0.0,0.0,0.0,0.0,0.0,0.0,0.0,0.0,3366.png,0.0,0.447128598293071,0.287936655798789,0.0,0.0,0.8973955287661374,0.0465778237805667,0.8138870757180157,0.9650735294117647,0.8385876418663304
0.4301708898055392,0.27402402402402404,4.0,-4.0,0.9191734977814545,0.20281028407360682,0.8504357506914607,0.9054859979256186,0.9332811545510079,84.0,0.0034813940002019206,0.002831669844117979,0.0,0.0,0.0007264006116513011,-0.003654239352677613,0.0012444750807114602,0.0014109375941558921,0.0,1.0,3392.png,1.0,0.4336522838057411,0.276855693868142,4.0,-4.0,0.9198998983931058,0.1991560447209292,0.8516802257721722,0.9068969355197745,0.9332811545510079
0.3433874709976798,0.20728291316526612,4.0,-4.0,0.933847512614007,0.23871088626569234,0.8759042666622923,0.9241499865867061,0.9437507180289333,23.0,0.00250525399347179,0.001828509181450333,0.0,0.0,9.391927443636039e-05,-0.0007182561988632874,0.00016526631172719686,0.0001839757101069761,0.0,1.0,3460.png,1.0,0.3458927249911516,0.20911142234671645,4.0,-4.0,0.9339414318884434,0.23799263006682905,0.8760695329740195,0.9243339622968131,0.9437507180289333
0.49548557586434705,0.32933255269320844,1.0,-1.0,0.9203531956502415,0.12222814498933902,0.8524576666575184,0.9301928605654048,0.9107195214918197,60.0,0.005474011787130695,0.00485429345501015,0.0,0.0,0.0008188438527093611,-0.0031982942430703737,0.0014060384308616225,0.0016744141255827794,0.0,1.0,3468.png,1.0,0.5009595876514777,0.3341868461482186,1.0,-1.0,0.9211720395029509,0.11902985074626865,0.85386370508838,0.9318672746909876,0.9107195214918197
0.28828642917945674,0.168419783598059,5.0,-5.0,0.9199350663623034,0.2914469327184871,0.8517405182889604,0.9089780899608462,0.9311594202898551,39.0,0.0012028437491753974,0.0008216414026938346,0.0,0.0,0.00011266633459394715,-0.0009566091883538852,0.0001931833684981621,0.0002200232467010066,0.0,1.0,3493.png,1.0,0.28948927292863214,0.16924142500075284,5.0,-5.0,0.9200477326968973,0.2904903235301332,0.8519337016574585,0.9091981132075472,0.9311594202898551
0.4931293463143255,0.32725393192054936,0.0,0.0,0.9218408477667737,0.06664932362122789,0.855013701694536,0.9597903195429719,0.8867782256895101,2.0,0.0007541056429699045,0.0006645499520047116,0.0,0.0,2.779266013741566e-05,-0.00010405827263267053,4.781955826038686e-05,6.025805622444924e-05,0.0,1.0,3567.png,1.0,0.4938834519572954,0.32791848187255407,0.0,0.0,0.9218686404269111,0.06654526534859521,0.8550615212527964,0.9598505775991963,0.8867782256895101
0.5270915333724143,0.35785763020241074,0.0,0.0,0.9122314281702009,0.041043180846515606,0.8386263878130648,0.9657469077069457,0.864335515461174,0.0,0.0,0.0,0.0,0.0,0.0,0.0,0.0,0.0,0.0,0.0,3595.png,0.0,0.5270915333724143,0.35785763020241074,0.0,0.0,0.9122314281702009,0.041043180846515606,0.8386263878130648,0.9657469077069457,0.864335515461174
0.3577051594268562,0.21780812469825506,1.0,1.0,0.9070638216163023,0.04836239687793311,0.8299330185571538,0.9745474237969983,0.8483209122744007,0.0,0.0,0.0,0.0,0.0,0.0,0.0,0.0,0.0,0.0,0.0,3596.png,0.0,0.3577051594268562,0.21780812469825506,1.0,1.0,0.9070638216163023,0.04836239687793311,0.8299330185571538,0.9745474237969983,0.8483209122744007
0.45877446262431826,0.29766860949208995,1.0,-1.0,0.9288746924847234,0.15706853247219232,0.8671951693863564,0.9284142061115628,0.9293356358800294,63.0,0.004122417236602227,0.003480268417309418,0.0,0.0,0.0005808636222793817,-0.002825618945102276,0.00101311604182297,0.0011613011750988278,0.0,1.0,3602.png,1.0,0.4628968798609205,0.30114887790939937,1.0,-1.0,0.9294555561070028,0.15424291352709005,0.8682082854281794,0.9295755072866616,0.9293356358800294
0.47867191896454697,0.31464082266775173,0.0,0.0,0.9127124700910475,0.09625189086223318,0.8394398399542726,0.94174228093238,0.8854188647393965,9.0,0.0009996775039903816,0.0008644295884991937,0.0,0.0,0.00012764614284987985,-0.0005042299288475632,0.00021597320144051135,0.00027183067762637236,0.0,1.0,3678.png,1.0,0.47967159646853735,0.3155052522562509,0.0,0.0,0.9128401162338974,0.09574766093338562,0.8396558131557131,0.9420141116100064,0.8854188647393965
0.2819647544056993,0.1641204714098647,6.0,-6.0,0.8788764999599805,0.22868590932700156,0.7839247860994871,0.8815631831824413,0.8762061430430406,0.0,0.0,0.0,0.0,0.0,0.0,0.0,0.0,0.0,0.0,0.0,3700.png,0.0,0.2819647544056993,0.1641204714098647,6.0,-6.0,0.8788764999599805,0.22868590932700156,0.7839247860994871,0.8815631831824413,0.8762061430430406
0.5083284799068142,0.3407777604248009,0.0,0.0,0.9275397909536015,0.07839229363893041,0.8648710536107851,0.9552050074289508,0.9014319809069212,2.0,0.00034338599936667435,0.00030872099886442017,0.0,0.0,2.847353965262922e-05,-0.00011072357858606108,4.9513156067604314e-05,6.03967631392921e-05,0.0,1.0,3725.png,1.0,0.5086718659061809,0.3410864814236653,0.0,0.0,0.9275682644932541,0.07828157006034435,0.8649205667668527,0.95526540419209,0.9014319809069212
0.30934374237618933,0.18297258297258298,0.0,0.0,0.8286790084719171,0.004541501594356943,0.7074738815965711,0.9941028858218318,0.7104555236728838,0.0,0.0,0.0,0.0,0.0,0.0,0.0,0.0,0.0,0.0,0.0,3732.png,0.0,0.30934374237618933,0.18297258297258298,0.0,0.0,0.8286790084719171,0.004541501594356943,0.7074738815965711,0.9941028858218318,0.7104555236728838
0.3363746467501009,0.20219374878664337,3.0,-3.0,0.9110243378988628,0.2343593174974908,0.8365883367320405,0.9061087146647693,0.9159935863815504,41.0,0.0034577734883779465,0.0025039120888298017,0.0,0.0,0.00027842834564906216,-0.0017146202743392458,0.00046969739279179024,0.0005510302180548043,0.0,1.0,3777.png,1.0,0.33983242023847887,0.20469766087547317,3.0,-3.0,0.9113027662445119,0.23264469722315156,0.8370580341248323,0.9066597448828241,0.9159935863815504
0.36129258560968125,0.2204741263980307,5.0,-5.0,0.9099072081289913,0.21582488714760242,0.8347061964947486,0.9087689624187325,0.9110483087520975,59.0,0.005936834623272547,0.004437704316942043,0.0,0.0,0.0004737719880296698,-0.0025125628140703626,0.0007977397478404757,0.0009456659632209874,0.0,1.0,3840.png,1.0,0.3672294202329538,0.22491183071497275,5.0,-5.0,0.910380980117021,0.21331232433353206,0.8355039362425891,0.9097146283819535,0.9110483087520975
0.25642067620286085,0.14706567845988905,0.0,0.0,0.8991215703285977,0.08288711215433141,0.8167310268736702,0.9641063011659637,0.8423441119494981,16.0,0.0010701885961647006,0.0007044879038743956,0.0,0.0,0.00010402060119929502,-0.0005868114134819913,0.00017167682322150046,0.000239232332795547,0.0,1.0,4047.png,1.0,0.25749086479902555,0.14777016636376344,0.0,0.0,0.899225590929797,0.08230030074084942,0.8169027036968917,0.9643455334987593,0.8423441119494981
0.2801654986067719,0.16290259230164963,4.0,-4.0,0.8649994491572105,0.23409998520928857,0.7621136822487964,0.891686856450636,0.8398630820794409,17.0,0.0014165557025551112,0.0009586237752998716,0.0,0.0,0.00010801532735660313,-0.0006286052359118499,0.00016771216680988577,0.00022959690652746279,0.0,1.0,4193.png,1.0,0.28158205430932703,0.1638612160769495,4.0,-4.0,0.8651074644845671,0.23347137997337672,0.7622813944156063,0.8919164533571634,0.8398630820794409
0.18030297680002824,0.0990840642707444,1.0,1.0,0.8803002812736994,0.40428175814812184,0.7861931788953858,0.8563530752133879,0.9056253456585289,8.0,0.0013869155972199565,0.000838326105662271,0.0,0.0,3.380407166608812e-05,-0.0002840303912518549,5.3927338001913405e-05,6.398214881020436e-05,0.0,1.0,5355.png,1.0,0.1816898923972482,0.09992239037640667,1.0,1.0,0.8803340853453655,0.40399772775687,0.7862471062333877,0.8564170573621981,0.9056253456585289
0.2628925940286933,0.1513392857142857,1.0,-1.0,0.8270781393886306,0.22116416309012876,0.7051434261422389,0.8325570879493557,0.8216708318457694,0.0,0.0,0.0,0.0,0.0,0.0,0.0,0.0,0.0,0.0,0.0,5825.png,0.0,0.2628925940286933,0.1513392857142857,1.0,-1.0,0.8270781393886306,0.22116416309012876,0.7051434261422389,0.8325570879493557,0.8216708318457694
0.28531894285318943,0.16639767591994836,1.0,1.0,0.7830892826619565,0.29667487684729066,0.6435059462496489,0.6903063787041688,0.9046866771985256,0.0,0.0,0.0,0.0,0.0,0.0,0.0,0.0,0.0,0.0,0.0,5882.png,0.0,0.28531894285318943,0.16639767591994836,1.0,1.0,0.7830892826619565,0.29667487684729066,0.6435059462496489,0.6903063787041688,0.9046866771985256
0.2794491711253399,0.1624184339314845,0.0,0.0,0.8289760348583878,0.23957694665849172,0.707906976744186,0.810482062780269,0.8483337244778221,0.0,0.0,0.0,0.0,0.0,0.0,0.0,0.0,0.0,0.0,0.0,6503.png,0.0,0.2794491711253399,0.1624184339314845,0.0,0.0,0.8289760348583878,0.23957694665849172,0.707906976744186,0.810482062780269,0.8483337244778221
0.42781883646010993,0.27211802709608984,2.0,2.0,0.9436642909227766,0.16541353383458646,0.8933374899795137,0.9449534801554588,0.9423786145498109,29.0,0.0014069822035281399,0.0011394683247141768,0.0,0.0,0.00016095624966483424,-0.0010688485920684054,0.0002885360598906539,0.00032284788026182287,0.0,1.0,6605.png,1.0,0.42922581866363807,0.273257495420804,2.0,2.0,0.9438252471724414,0.16434468524251805,0.8936260260394043,0.9452763280357206,0.9423786145498109
0.40271462036654265,0.25212440150109994,2.0,-2.0,0.9354451250805298,0.19699111470113084,0.8787194978100992,0.9343126990359029,0.9365802995517656,89.0,0.006128567294125753,0.00482273563215585,0.0,0.0,0.00045476184982040646,-0.0029954227248249754,0.0008029037339852829,0.0009077631760334715,0.0,1.0,6606.png,1.0,0.4088431876606684,0.2569471371332558,2.0,-2.0,0.9358998869303502,0.19399569197630587,0.8795224015440845,0.9352204622119363,0.9365802995517656
0.47479741793709657,0.31130121566861774,0.0,0.0,0.9073808385142675,0.19247787610619468,0.8304639626495477,0.8750864785917442,0.9421501282794008,0.0,0.0,0.0,0.0,0.0,0.0,0.0,0.0,0.0,0.0,0.0,6698.png,0.0,0.47479741793709657,0.31130121566861774,0.0,0.0,0.9073808385142675,0.19247787610619468,0.8304639626495477,0.8750864785917442,0.9421501282794008
0.4635222933095274,0.30167850225952225,0.0,0.0,0.909277112688491,0.14733360153770506,0.8336463122450302,0.920711356918089,0.89812338674046,4.0,0.0009209397545491549,0.0007806728518183759,0.0,0.0,4.28162083505601e-05,-0.00017880291448749142,7.198241228234536e-05,8.78038677206705e-05,0.0,1.0,6918.png,1.0,0.46444323306407653,0.30245917511134063,0.0,0.0,0.9093199288968415,0.14715479862321756,0.8337182946573125,0.9207991607858097,0.89812338674046
0.4818888678171819,0.3174266083697689,1.0,-1.0,0.9376082490836589,0.10738608901972846,0.8825447376402791,0.9499092040562322,0.9256218064695707,24.0,0.0017316585982697363,0.0015044605613000472,-1.0,1.0,0.00022664878508127373,-0.0010545278790808077,0.0004017044777606671,0.0004653851204881043,0.0,1.0,6947.png,1.0,0.4836205264154516,0.31893106893106893,0.0,0.0,0.9378348978687402,0.10633156114064765,0.8829464421180397,0.9503745891767204,0.9256218064695707
0.34920822500590876,0.21153983821318634,1.0,1.0,0.8734140369501566,0.15186127407715072,0.7752750927108031,0.8924385037964939,0.8551837446351931,0.0,0.0,0.0,0.0,0.0,0.0,0.0,0.0,0.0,0.0,0.0,7253.png,0.0,0.34920822500590876,0.21153983821318634,1.0,1.0,0.8734140369501566,0.15186127407715072,0.7752750927108031,0.8924385037964939,0.8551837446351931
0.35778080865854195,0.2178642233295826,0.0,0.0,0.9099027385102431,0.1703413359464315,0.8346986738291086,0.920063653017042,0.8999638009049774,4.0,0.00035197325003299973,0.00026107813351830544,0.0,0.0,3.3302628389408895e-05,-0.0001633186346562121,5.6052021208730096e-05,6.810367719733978e-05,0.0,1.0,7259.png,1.0,0.35813278190857495,0.2181253014631009,0.0,0.0,0.9099360411386325,0.1701780173117753,0.8347547258503173,0.9201317566942393,0.8999638009049774
0.419652670916685,0.2655445820002782,0.0,0.0,0.9135779045657212,0.1189487567778809,0.8409051218721154,0.9326249965413242,0.8952932426689333,0.0,0.0,0.0,0.0,0.0,0.0,0.0,0.0,0.0,0.0,0.0,7269.png,0.0,0.419652670916685,0.2655445820002782,0.0,0.0,0.9135779045657212,0.1189487567778809,0.8409051218721154,0.9326249965413242,0.8952932426689333
0.3789387850195119,0.233759701063524,2.0,2.0,0.9049671469045754,0.13922880295861206,0.8264292202251521,0.921379691287937,0.8891290828866713,33.0,0.004153591453808669,0.003169342314815554,0.0,0.0,0.00045027993076074413,-0.0017947462881383602,0.0007513406872948769,0.0009340028817503843,0.0,1.0,7312.png,1.0,0.38309237647332056,0.23692904337833956,2.0,2.0,0.9054174268353361,0.1374340566704737,0.827180560912447,0.9223136941696873,0.8891290828866713
0.4731528733081873,0.30988883237666204,0.0,0.0,0.9210857293281465,0.13411035703747418,0.8537154010898148,0.9196063543978508,0.9225698716821937,0.0,0.0,0.0,0.0,0.0,0.0,0.0,0.0,0.0,0.0,0.0,7654.png,0.0,0.4731528733081873,0.30988883237666204,0.0,0.0,0.9210857293281465,0.13411035703747418,0.8537154010898148,0.9196063543978508,0.9225698716821937
0.3557485801555863,0.2163589922210612,2.0,-2.0,0.9079994533163721,0.1456825856246985,0.8315009146047945,0.9269936674895353,0.8897679976923394,58.0,0.0020051256596930744,0.0014851320629172826,0.0,0.0,0.0005540018334790897,-0.002543524974783995,0.0009296422893975143,0.0011555791844389818,0.0,1.0,8253.png,1.0,0.3577537058152794,0.21784412428397848,2.0,-2.0,0.9085534551498512,0.1431390606499145,0.832430556894192,0.9281492466739742,0.8897679976923394
